V1,V2,eez,V3,
180,-26.42677402,I7,180,
179.8999023,-26.4901123,I7,179.8999023,
179.6629028,-26.62158203,I7,179.6629028,
179.5778809,-26.69439697,I7,179.5778809,
179.4813232,-26.75549316,I7,179.4813232,
179.2935181,-26.9375,I7,179.2935181,
179.0928955,-27.10900879,I7,179.0928955,
179.0270996,-27.19567871,I7,179.0270996,
178.9473267,-27.27301025,I7,178.9473267,
178.8068848,-27.48510742,I7,178.8068848,
178.6514893,-27.68920898,I7,178.6514893,
178.6077271,-27.78601074,I7,178.6077271,
178.5480957,-27.87609863,I7,178.5480957,
178.4614868,-28.10900879,I7,178.4614868,
178.3582764,-28.33691406,I7,178.3582764,
178.3566895,-28.34460449,I7,178.3566895,
178.2960815,-28.41387939,I7,178.2960815,
178.2595215,-28.48150635,I7,178.2595215,
178.2271118,-28.52081299,I7,178.2271118,
178.1860962,-28.60290527,I7,178.1860962,
178.0723267,-28.77081299,I7,178.0723267,
178.0687256,-28.78039551,I7,178.0687256,
178.0629272,-28.78912354,I7,178.0629272,
178.0291138,-28.87890625,I7,178.0291138,
177.9403076,-28.99969482,I7,177.9403076,
177.9127197,-29.06390381,I7,177.9127197,
177.8731079,-29.12310791,I7,177.8731079,
177.8255005,-29.24920654,I7,177.8255005,
177.7901001,-29.30987549,I7,177.7901001,
177.7484741,-29.44549561,I7,177.7484741,
177.6594849,-29.65270996,I7,177.6594849,
177.6478882,-29.72039795,I7,177.6478882,
177.623291,-29.78540039,I7,177.623291,
177.6096802,-29.89648438,I7,177.6096802,
177.4699097,-30.11419678,I7,177.4699097,
177.453125,-30.16168213,I7,177.453125,
177.4268799,-30.20581055,I7,177.4268799,
177.3927002,-30.31408691,I7,177.3927002,
177.3704834,-30.35662842,I7,177.3704834,
177.3372803,-30.4901123,I7,177.3372803,
177.3358765,-30.49468994,I7,177.3358765,
177.2349243,-30.78112793,I7,177.2349243,
177.2301025,-30.83050537,I7,177.2301025,
177.2150879,-30.8782959,I7,177.2150879,
177.2064819,-31.01519775,I7,177.2064819,
177.2009277,-31.03778076,I7,177.2009277,
177.2009277,-31.10528564,I7,177.2009277,
177.1962891,-31.17700195,I7,177.1962891,
177.1674805,-31.47509766,I7,177.1674805,
177.1746826,-31.52429199,I7,177.1746826,
177.1716919,-31.5736084,I7,177.1716919,
177.2009277,-31.73291016,I7,177.2009277,
177.2025146,-31.74090576,I7,177.2025146,
177.2163086,-31.81561279,I7,177.2163086,
177.2164917,-31.82220459,I7,177.2164917,
177.2197266,-31.83428955,I7,177.2197266,
177.2263184,-31.86920166,I7,177.2263184,
177.2705078,-32.16589355,I7,177.2705078,
177.2896729,-32.21270752,I7,177.2896729,
177.2987061,-32.26159668,I7,177.2987061,
177.3948975,-32.47589111,I7,177.3948975,
177.4014893,-32.50048828,I7,177.4014893,
177.4246826,-32.54272461,I7,177.4246826,
177.5396729,-32.82330322,I7,177.5396729,
177.5697021,-32.86572266,I7,177.5697021,
177.5905151,-32.9119873,I7,177.5905151,
177.723877,-33.08758545,I7,177.723877,
177.7476807,-33.13098145,I7,177.7476807,
177.7907104,-33.17962647,I7,177.7907104,
177.7243042,-33.12219238,I7,177.7243042,
177.4707031,-32.89251709,I7,177.4707031,
177.4498901,-32.88018799,I7,177.4498901,
177.4343262,-32.86639404,I7,177.4343262,
177.4151001,-32.85510254,I7,177.4151001,
177.3980713,-32.84051514,I7,177.3980713,
177.3881226,-32.83349609,I7,177.3881226,
177.3433228,-32.80828857,I7,177.3433228,
177.2827148,-32.75030518,I7,177.2827148,
177.1818848,-32.68701172,I7,177.1818848,
177.0941162,-32.61291504,I7,177.0941162,
177.0336914,-32.57952881,I7,177.0336914,
177.020874,-32.56921387,I7,177.020874,
176.9041138,-32.50799561,I7,176.9041138,
176.8370972,-32.47088623,I7,176.8370972,
176.5914917,-32.31689453,I7,176.5914917,
176.4763184,-32.27172852,I7,176.4763184,
176.3707275,-32.21350098,I7,176.3707275,
176.2929077,-32.18737793,I7,176.2929077,
176.2855225,-32.18359375,I7,176.2855225,
176.2235107,-32.16418457,I7,176.2235107,
176.2067261,-32.1585083,I7,176.2067261,
176.1333008,-32.10150146,I7,176.1333008,
175.9998779,-31.97241211,I7,175.9998779,
175.9102783,-31.91558838,I7,175.9102783,
175.8724976,-31.88250732,I7,175.8724976,
175.7908936,-31.83569336,I7,175.7908936,
175.65448,-31.72979736,I7,175.65448,
175.4765015,-31.64019775,I7,175.4765015,
175.3120728,-31.53588867,I7,175.3120728,
175.1655273,-31.47747803,I7,175.1655273,
175.1580811,-31.47320557,I7,175.1580811,
175.1309204,-31.46362305,I7,175.1309204,
175.1052856,-31.45330811,I7,175.1052856,
174.9100952,-31.35510254,I7,174.9100952,
174.885498,-31.34790039,I7,174.885498,
174.8804932,-31.34539795,I7,174.8804932,
174.7062988,-31.29431152,I7,174.7062988,
174.5239258,-31.22149658,I7,174.5239258,
174.5039062,-31.21557617,I7,174.5039062,
174.2791138,-31.1685791,I7,174.2791138,
174.1248779,-31.12298584,I7,174.1248779,
174.0831299,-31.11071777,I7,174.0831299,
174.0786743,-31.11010742,I7,174.0786743,
174.0526733,-31.1026001,I7,174.0526733,
173.8502808,-31.07897949,I7,173.8502808,
173.7415161,-31.04370117,I7,173.7415161,
173.5032959,-30.94830322,I7,173.5032959,
173.4331055,-30.934021,I7,173.4331055,
173.4030762,-30.9229126,I7,173.4030762,
173.3270874,-30.90948486,I7,173.3270874,
173.2047119,-30.86981201,I7,173.2047119,
172.9437256,-30.83428955,I7,172.9437256,
172.6867065,-30.78192139,I7,172.6867065,
172.5869141,-30.77929687,I7,172.5869141,
172.5805054,-30.77807617,I7,172.5805054,
172.5441284,-30.77807617,I7,172.5441284,
172.5299072,-30.77770996,I7,172.5299072,
172.3751221,-30.7565918,I7,172.3751221,
172.1107178,-30.76672363,I7,172.1107178,
171.8461304,-30.75970459,I7,171.8461304,
171.6917114,-30.78271484,I7,171.6917114,
171.5349121,-30.78869629,I7,171.5349121,
171.4669189,-30.80340576,I7,171.4669189,
171.4130859,-30.81311035,I7,171.4130859,
171.2869263,-30.82012939,I7,171.2869263,
171.2050781,-30.84197998,I7,171.2050781,
171.2677002,-30.76708984,I7,171.2677002,
171.3994751,-30.52600098,I7,171.3994751,
171.5892944,-30.12908936,I7,171.5892944,
171.7053223,-29.76989746,I7,171.7053223,
171.7501221,-29.5,I7,171.7501221,
171.7739258,-29.31622314,I7,171.7739258,
171.800293,-28.96179199,I7,171.800293,
171.7686768,-28.68768311,I7,171.7686768,
171.7265015,-28.42779541,I7,171.7265015,
171.6895142,-28.2434082,I7,171.6895142,
171.6425171,-28.10168457,I7,171.6425171,
171.4996948,-27.71881104,I7,171.4996948,
171.3521118,-27.44012451,I7,171.3521118,
171.1483154,-27.17547607,I7,171.1483154,
170.9694824,-26.9296875,I7,170.9694824,
170.4384766,-26.45239258,I7,170.4384766,
170.0651245,-26.2019043,I7,170.0651245,
169.7496948,-26.04119873,I7,169.7496948,
169.3344727,-25.87579346,I7,169.3344727,
169.0587158,-25.79150391,I7,169.0587158,
169.3123169,-25.66247559,I7,169.3123169,
169.5878906,-25.50848389,I7,169.5878906,
169.8250732,-25.34460449,I7,169.8250732,
169.8529053,-25.3538208,I7,169.8529053,
170.0568848,-25.43841553,I7,170.0568848,
170.27771,-25.5178833,I7,170.27771,
170.5755005,-25.57098389,I7,170.5755005,
170.8731079,-25.6151123,I7,170.8731079,
171.1707153,-25.6328125,I7,171.1707153,
171.4586792,-25.66821289,I7,171.4586792,
171.727478,-25.69470215,I7,171.727478,
172.0443115,-25.73010254,I7,172.0443115,
172.3035278,-25.70361328,I7,172.3035278,
172.6588745,-25.66821289,I7,172.6588745,
173.0620728,-25.58868408,I7,173.0620728,
173.4172974,-25.47369385,I7,173.4172974,
173.7821045,-25.32348633,I7,173.7821045,
174.0509033,-25.15551758,I7,174.0509033,
174.2597046,-25.02020264,I7,174.2597046,
174.2758789,-25.02270508,I7,174.2758789,
174.2952881,-25.02459717,I7,174.2952881,
174.3231201,-25.02770996,I7,174.3231201,
174.3496704,-25.03118896,I7,174.3496704,
174.380127,-25.03442383,I7,174.380127,
174.4052734,-25.03790283,I7,174.4052734,
174.4295044,-25.0402832,I7,174.4295044,
174.4514771,-25.04260254,I7,174.4514771,
174.4708862,-25.04510498,I7,174.4708862,
174.5001221,-25.04821777,I7,174.5001221,
174.5206909,-25.04852295,I7,174.5206909,
174.5372925,-25.04718018,I7,174.5372925,
174.5429077,-25.04638672,I7,174.5429077,
174.5568848,-25.04821777,I7,174.5568848,
174.5706787,-25.04949951,I7,174.5706787,
174.5820923,-25.05010986,I7,174.5820923,
174.590271,-25.04992676,I7,174.590271,
174.6539307,-25.0480957,I7,174.6539307,
174.8242798,-25.03118896,I7,174.8242798,
175.0352783,-25.00811768,I7,175.0352783,
175.194519,-24.99267578,I7,175.194519,
175.2918701,-24.97888184,I7,175.2918701,
175.371521,-24.96807861,I7,175.371521,
175.4835205,-24.93878174,I7,175.4835205,
175.5971069,-24.90032959,I7,175.5971069,
175.8892822,-24.81262207,I7,175.8892822,
175.947876,-24.7946167,I7,175.947876,
176.0548706,-24.76177979,I7,176.0548706,
176.1166992,-24.7355957,I7,176.1166992,
176.2091064,-24.68328857,I7,176.2091064,
176.4105225,-24.5723877,I7,176.4105225,
176.5761108,-24.48468018,I7,176.5761108,
176.7141113,-24.40917969,I7,176.7141113,
176.744873,-24.38458252,I7,176.744873,
176.8666992,-24.28289795,I7,176.8666992,
177.0046997,-24.16290283,I7,177.0046997,
177.0516968,-24.12438965,I7,177.0516968,
177.0631104,-24.11358643,I7,177.0631104,
177.0662842,-24.11199951,I7,177.0662842,
177.2496948,-23.95959473,I7,177.2496948,
177.3001099,-23.91040039,I7,177.3001099,
177.3828735,-23.80108643,I7,177.3828735,
177.47052,-23.6809082,I7,177.47052,
177.5322876,-23.60400391,I7,177.5322876,
177.645874,-23.46697998,I7,177.645874,
177.6621094,-23.45001221,I7,177.6621094,
177.7578735,-23.2868042,I7,177.7578735,
177.8098755,-23.16821289,I7,177.8098755,
177.8162842,-23.15130615,I7,177.8162842,
177.8214722,-23.15240478,I7,177.8214722,
177.9317017,-22.91571045,I7,177.9317017,
177.9885254,-22.81268311,I7,177.9885254,
178.0338745,-22.70489502,I7,178.0338745,
178.0437012,-22.68328857,I7,178.0437012,
178.0697021,-22.72027588,I7,178.0697021,
178.0745239,-22.72949219,I7,178.0745239,
178.0745239,-22.73278809,I7,178.0745239,
178.0770874,-22.73669434,I7,178.0770874,
178.0819092,-22.74468994,I7,178.0819092,
178.0869141,-22.75280762,I7,178.0869141,
178.0922852,-22.76080322,I7,178.0922852,
178.09729,-22.76879883,I7,178.09729,
178.102478,-22.77697754,I7,178.102478,
178.1079102,-22.78491211,I7,178.1079102,
178.112915,-22.79302978,I7,178.112915,
178.118103,-22.80078125,I7,178.118103,
178.123291,-22.80889893,I7,178.123291,
178.1287231,-22.81689453,I7,178.1287231,
178.1339111,-22.82470703,I7,178.1339111,
178.1395264,-22.83270264,I7,178.1395264,
178.1447144,-22.84057617,I7,178.1447144,
178.1503296,-22.84851074,I7,178.1503296,
178.1555176,-22.85638428,I7,178.1555176,
178.1610718,-22.86419678,I7,178.1610718,
178.1665039,-22.87219238,I7,178.1665039,
178.1721191,-22.88000488,I7,178.1721191,
178.1774902,-22.88769531,I7,178.1774902,
178.1831055,-22.89550781,I7,178.1831055,
178.1887207,-22.90332031,I7,178.1887207,
178.1942749,-22.91101074,I7,178.1942749,
178.199707,-22.91888428,I7,178.199707,
178.2056885,-22.92669678,I7,178.2056885,
178.2111206,-22.93438721,I7,178.2111206,
178.2166748,-22.94219971,I7,178.2166748,
178.2224731,-22.94970703,I7,178.2224731,
178.2282715,-22.95751953,I7,178.2282715,
178.2338867,-22.96520996,I7,178.2338867,
178.2396851,-22.97277832,I7,178.2396851,
178.2457275,-22.98052979,I7,178.2457275,
178.2515259,-22.98797607,I7,178.2515259,
178.2573242,-22.99578857,I7,178.2573242,
178.2631226,-23.0032959,I7,178.2631226,
178.2689209,-23.01080322,I7,178.2689209,
178.2750854,-23.01861572,I7,178.2750854,
178.2808838,-23.02612305,I7,178.2808838,
178.2869263,-23.0335083,I7,178.2869263,
178.2929077,-23.04107666,I7,178.2929077,
178.2988892,-23.04858398,I7,178.2988892,
178.3051147,-23.05609131,I7,178.3051147,
178.3110962,-23.06359863,I7,178.3110962,
178.3168945,-23.07110596,I7,178.3168945,
178.3231201,-23.07830811,I7,178.3231201,
178.3292847,-23.08581543,I7,178.3292847,
178.3356934,-23.09332275,I7,178.3356934,
178.3416748,-23.10058594,I7,178.3416748,
178.3479004,-23.10791016,I7,178.3479004,
178.3543091,-23.11547852,I7,178.3543091,
178.3602905,-23.12280273,I7,178.3602905,
178.3666992,-23.13000488,I7,178.3666992,
178.3729248,-23.13751221,I7,178.3729248,
178.3792725,-23.14471436,I7,178.3792725,
178.3856812,-23.15197754,I7,178.3856812,
178.3919067,-23.15917969,I7,178.3919067,
178.3983154,-23.16638184,I7,178.3983154,
178.4047241,-23.17358398,I7,178.4047241,
178.4110718,-23.18078613,I7,178.4110718,
178.4174805,-23.18798828,I7,178.4174805,
178.4238892,-23.19519043,I7,178.4238892,
178.4307251,-23.20251465,I7,178.4307251,
178.4370728,-23.2097168,I7,178.4370728,
178.4437256,-23.2166748,I7,178.4437256,
178.4500732,-23.22387695,I7,178.4500732,
178.4567261,-23.23071289,I7,178.4567261,
178.4633179,-23.23797607,I7,178.4633179,
178.4700928,-23.24499512,I7,178.4700928,
178.4766846,-23.25219727,I7,178.4766846,
178.4832764,-23.25909424,I7,178.4832764,
178.4901123,-23.26611328,I7,178.4901123,
178.4967041,-23.27301025,I7,178.4967041,
178.5032959,-23.2800293,I7,178.5032959,
178.5103149,-23.28692627,I7,178.5103149,
178.5169067,-23.29388428,I7,178.5169067,
178.5239258,-23.30078125,I7,178.5239258,
178.5305176,-23.30780029,I7,178.5305176,
178.5374756,-23.31469727,I7,178.5374756,
178.5444946,-23.32141113,I7,178.5444946,
178.5510864,-23.32830811,I7,178.5510864,
178.5581055,-23.33520508,I7,178.5581055,
178.5651245,-23.34191895,I7,178.5651245,
178.5718994,-23.34887695,I7,178.5718994,
178.5789185,-23.35552979,I7,178.5789185,
178.5858765,-23.36218262,I7,178.5858765,
178.5930786,-23.36907959,I7,178.5930786,
178.6000977,-23.37579346,I7,178.6000977,
178.6068726,-23.38250732,I7,178.6068726,
178.6143188,-23.38909912,I7,178.6143188,
178.6210937,-23.39581299,I7,178.6210937,
178.6282959,-23.40252686,I7,178.6282959,
178.6356812,-23.40917969,I7,178.6356812,
178.6428833,-23.41558838,I7,178.6428833,
178.6497192,-23.42218018,I7,178.6497192,
178.6571045,-23.42889404,I7,178.6571045,
178.6643066,-23.43530273,I7,178.6643066,
178.6715088,-23.44189453,I7,178.6715088,
178.678894,-23.44830322,I7,178.678894,
178.6860962,-23.45501709,I7,178.6860962,
178.6932983,-23.46130371,I7,178.6932983,
178.7009277,-23.4677124,I7,178.7009277,
178.7081299,-23.47418213,I7,178.7081299,
178.7156982,-23.48052979,I7,178.7156982,
178.7229004,-23.48687744,I7,178.7229004,
178.7302856,-23.49328613,I7,178.7302856,
178.7374878,-23.49969482,I7,178.7374878,
178.7451172,-23.50610352,I7,178.7451172,
178.7525024,-23.51251221,I7,178.7525024,
178.7600708,-23.51879883,I7,178.7600708,
178.7675171,-23.52502441,I7,178.7675171,
178.7750854,-23.53131104,I7,178.7750854,
178.7824707,-23.53747559,I7,178.7824707,
178.7902832,-23.5435791,I7,178.7902832,
178.7979126,-23.54998779,I7,178.7979126,
178.8052979,-23.55609131,I7,178.8052979,
178.8131104,-23.56219482,I7,178.8131104,
178.8206787,-23.56829834,I7,178.8206787,
178.8283081,-23.57440186,I7,178.8283081,
178.8358765,-23.58050537,I7,178.8358765,
178.843689,-23.58660889,I7,178.843689,
178.8515015,-23.5927124,I7,178.8515015,
178.859314,-23.59887695,I7,178.859314,
178.8668823,-23.60467529,I7,178.8668823,
178.8746948,-23.61077881,I7,178.8746948,
178.8825073,-23.61688232,I7,178.8825073,
178.8903198,-23.62280273,I7,178.8903198,
178.8980713,-23.62860107,I7,178.8980713,
178.9058838,-23.63470459,I7,178.9058838,
178.9138794,-23.64050293,I7,178.9138794,
178.9216919,-23.64630127,I7,178.9216919,
178.9296875,-23.65222168,I7,178.9296875,
178.9375,-23.65808105,I7,178.9375,
178.9456787,-23.66387939,I7,178.9456787,
178.9533081,-23.66967773,I7,178.9533081,
178.9614868,-23.67547607,I7,178.9614868,
178.9694824,-23.68109131,I7,178.9694824,
178.977478,-23.68688965,I7,178.977478,
178.9854736,-23.69250488,I7,178.9854736,
178.9937134,-23.69830322,I7,178.9937134,
179.001709,-23.70391846,I7,179.001709,
179.0097046,-23.7097168,I7,179.0097046,
179.0178833,-23.71520996,I7,179.0178833,
179.0258789,-23.7208252,I7,179.0258789,
179.0343018,-23.72637939,I7,179.0343018,
179.0422974,-23.73181152,I7,179.0422974,
179.050293,-23.73748779,I7,179.050293,
179.0587158,-23.74298096,I7,179.0587158,
179.0667114,-23.74859619,I7,179.0667114,
179.0750732,-23.75390625,I7,179.0750732,
179.083313,-23.75939941,I7,179.083313,
179.0914917,-23.76501465,I7,179.0914917,
179.0996704,-23.77020264,I7,179.0996704,
179.1080933,-23.7755127,I7,179.1080933,
179.1165161,-23.78112793,I7,179.1165161,
179.1246948,-23.78637695,I7,179.1246948,
179.1331177,-23.79168701,I7,179.1331177,
179.1414795,-23.796875,I7,179.1414795,
179.1497192,-23.80218506,I7,179.1497192,
179.1583252,-23.80749512,I7,179.1583252,
179.166687,-23.81280518,I7,179.166687,
179.1751099,-23.81799316,I7,179.1751099,
179.1837158,-23.82299805,I7,179.1837158,
179.1918945,-23.82830811,I7,179.1918945,
179.2006836,-23.83361816,I7,179.2006836,
179.2089233,-23.83862305,I7,179.2089233,
179.2175293,-23.84362793,I7,179.2175293,
179.2260742,-23.84887695,I7,179.2260742,
179.2344971,-23.85388184,I7,179.2344971,
179.243103,-23.85888672,I7,179.243103,
179.251709,-23.8638916,I7,179.251709,
179.2603149,-23.86889648,I7,179.2603149,
179.2689209,-23.87390137,I7,179.2689209,
179.2775269,-23.87890625,I7,179.2775269,
179.2860718,-23.88360596,I7,179.2860718,
179.2946777,-23.88861084,I7,179.2946777,
179.3032837,-23.89331055,I7,179.3032837,
179.3123169,-23.89831543,I7,179.3123169,
179.3209229,-23.90307617,I7,179.3209229,
179.3295288,-23.90808105,I7,179.3295288,
179.3383179,-23.91278076,I7,179.3383179,
179.3469238,-23.91748047,I7,179.3469238,
179.355896,-23.92218018,I7,179.355896,
179.364502,-23.92687988,I7,179.364502,
179.373291,-23.93157959,I7,179.373291,
179.3823242,-23.93640137,I7,179.3823242,
179.3911133,-23.9407959,I7,179.3911133,
179.3997192,-23.94549561,I7,179.3997192,
179.4086914,-23.95019531,I7,179.4086914,
179.4174805,-23.95471191,I7,179.4174805,
179.4265137,-23.95910645,I7,179.4265137,
179.4353027,-23.96380615,I7,179.4353027,
179.4442749,-23.96832275,I7,179.4442749,
179.453125,-23.97277832,I7,179.453125,
179.4619141,-23.97711182,I7,179.4619141,
179.4711304,-23.98168945,I7,179.4711304,
179.4801025,-23.98608398,I7,179.4801025,
179.4888916,-23.99047852,I7,179.4888916,
179.4981079,-23.99468994,I7,179.4981079,
179.506897,-23.99908447,I7,179.506897,
179.5161133,-24.00360107,I7,179.5161133,
179.5250854,-24.00769043,I7,179.5250854,
179.5343018,-24.01190186,I7,179.5343018,
179.5430908,-24.01641846,I7,179.5430908,
179.5523071,-24.02050781,I7,179.5523071,
179.5615234,-24.02471924,I7,179.5615234,
179.5703125,-24.02880859,I7,179.5703125,
179.5795288,-24.03308105,I7,179.5795288,
179.5886841,-24.03710938,I7,179.5886841,
179.5979004,-24.04138184,I7,179.5979004,
179.6068726,-24.04528809,I7,179.6068726,
179.6160889,-24.04937744,I7,179.6160889,
179.6253052,-24.05328369,I7,179.6253052,
179.6345215,-24.05749512,I7,179.6345215,
179.6436768,-24.06140137,I7,179.6436768,
179.6528931,-24.06530762,I7,179.6528931,
179.6622925,-24.06939697,I7,179.6622925,
179.6715088,-24.07330322,I7,179.6715088,
179.6807251,-24.07720947,I7,179.6807251,
179.6901245,-24.08111572,I7,179.6901245,
179.6992798,-24.0847168,I7,179.6992798,
179.708313,-24.08862305,I7,179.708313,
179.7178955,-24.0925293,I7,179.7178955,
179.7269287,-24.0960083,I7,179.7269287,
179.7365112,-24.09997559,I7,179.7365112,
179.7459106,-24.10357666,I7,179.7459106,
179.755127,-24.10717773,I7,179.755127,
179.7645264,-24.11108398,I7,179.7645264,
179.7739258,-24.11468506,I7,179.7739258,
179.7833252,-24.11828613,I7,179.7833252,
179.7924805,-24.12188721,I7,179.7924805,
179.8018799,-24.12548828,I7,179.8018799,
179.8115234,-24.12890625,I7,179.8115234,
179.8209229,-24.13250732,I7,179.8209229,
179.8303223,-24.1361084,I7,179.8303223,
179.8397217,-24.1394043,I7,179.8397217,
179.8493042,-24.1427002,I7,179.8493042,
179.8587036,-24.14630127,I7,179.8587036,
179.8682861,-24.14971924,I7,179.8682861,
179.8779297,-24.15307617,I7,179.8779297,
179.8873291,-24.15631103,I7,179.8873291,
179.8967285,-24.159729,I7,179.8967285,
179.9064941,-24.16308594,I7,179.9064941,
179.9158936,-24.16638184,I7,179.9158936,
179.925293,-24.16931152,I7,179.925293,
179.9351196,-24.17279053,I7,179.9351196,
179.944519,-24.17578125,I7,179.944519,
179.9542847,-24.17919922,I7,179.9542847,
179.9636841,-24.18218994,I7,179.9636841,
179.9733276,-24.18530273,I7,179.9733276,
179.9829102,-24.18829346,I7,179.9829102,
179.9924927,-24.19158936,I7,179.9924927,
180,-24.19355022,I7,180,
NA,NA,NA,NA,
164.2122803,-28.13952637,I7,164.2122803,
164.1333008,-28.47497559,I7,164.1333008,
164.0858765,-28.99951172,I7,164.0858765,
164.0858765,-29.20751953,I7,164.0858765,
164.1491089,-29.62811279,I7,164.1491089,
164.2335205,-29.94952393,I7,164.2335205,
164.4180908,-30.41259766,I7,164.4180908,
164.6395264,-30.79071045,I7,164.6395264,
164.871521,-31.1072998,I7,164.871521,
165.1773071,-31.42388916,I7,165.1773071,
165.5095215,-31.70269775,I7,165.5095215,
165.873291,-31.90600586,I7,165.873291,
166.2213135,-32.10449219,I7,166.2213135,
166.5957031,-32.23199463,I7,166.5957031,
166.9490967,-32.33599854,I7,166.9490967,
167.1917114,-32.38800049,I7,167.1917114,
167.6082764,-32.42578125,I7,167.6082764,
167.9824829,-32.44470215,I7,167.9824829,
168.409729,-32.42108154,I7,168.409729,
168.5203247,-32.4052124,I7,168.5203247,
168.4746704,-32.4788208,I7,168.4746704,
168.3704834,-32.6137085,I7,168.3704834,
168.3237305,-32.7164917,I7,168.3237305,
168.2929077,-32.7612915,I7,168.2929077,
168.2655029,-32.83178711,I7,168.2655029,
168.1895142,-32.96020508,I7,168.1895142,
168.1422729,-33.11547852,I7,168.1422729,
168.0740967,-33.26538086,I7,168.0740967,
168.0523071,-33.38391113,I7,168.0523071,
168.0366821,-33.42449951,I7,168.0366821,
168.0289307,-33.48797607,I7,168.0289307,
168.0015259,-33.578125,I7,168.0015259,
167.9902954,-33.61401367,I7,167.9902954,
167.9841309,-33.63549805,I7,167.9841309,
167.9766846,-33.79559326,I7,167.9766846,
167.947876,-33.95397949,I7,167.947876,
167.9467163,-33.97192383,I7,167.9467163,
167.9536743,-34.06921387,I7,167.9536743,
167.9519043,-34.08081055,I7,167.9519043,
167.9542847,-34.1027832,I7,167.9542847,
167.9525146,-34.11749268,I7,167.9525146,
167.9577026,-34.15649414,I7,167.9577026,
167.9487305,-34.30841064,I7,167.9487305,
167.9526978,-34.33050537,I7,167.9526978,
167.9586792,-34.35980225,I7,167.9586792,
167.9832764,-34.48681641,I7,167.9832764,
167.9960938,-34.66711426,I7,167.9960938,
168.0250854,-34.75439453,I7,168.0250854,
168.0272827,-34.7744751,I7,168.0272827,
168.0526733,-34.84228516,I7,168.0526733,
168.0825195,-34.99591064,I7,168.0825195,
168.1613159,-35.16442871,I7,168.1613159,
168.2191162,-35.33862305,I7,168.2191162,
168.2645264,-35.41131592,I7,168.2645264,
168.2750854,-35.44000244,I7,168.2750854,
168.3237305,-35.51208496,I7,168.3237305,
168.3861084,-35.64538574,I7,168.3861084,
168.5054932,-35.79650879,I7,168.5054932,
168.6057129,-35.95709228,I7,168.6057129,
168.6608887,-36.01269531,I7,168.6608887,
168.6846924,-36.04821777,I7,168.6846924,
168.7609253,-36.12030029,I7,168.7609253,
168.8461304,-36.22839355,I7,168.8461304,
169.0009155,-36.35571289,I7,169.0009155,
169.1392822,-36.4954834,I7,169.1392822,
169.1968994,-36.5335083,I7,169.1968994,
169.2380981,-36.57269287,I7,169.2380981,
169.2843018,-36.60137939,I7,169.2843018,
169.3062744,-36.64709473,I7,169.3062744,
169.3811035,-36.7388916,I7,169.3811035,
169.4223022,-36.81158447,I7,169.4223022,
169.4799194,-36.8737793,I7,169.4799194,
169.487915,-36.88641357,I7,169.487915,
169.5032959,-36.91589355,I7,169.5032959,
169.5167236,-36.93157959,I7,169.5167236,
169.555481,-36.99230957,I7,169.555481,
169.5701294,-37.01037598,I7,169.5701294,
169.5762939,-37.02062988,I7,169.5762939,
169.6253052,-37.08361816,I7,169.6253052,
169.6472778,-37.10620117,I7,169.6472778,
169.6555176,-37.1184082,I7,169.6555176,
169.7108765,-37.17150879,I7,169.7108765,
169.7814941,-37.24389648,I7,169.7814941,
169.8256836,-37.31378174,I7,169.8256836,
169.8798828,-37.36730957,I7,169.8798828,
169.8905029,-37.38122559,I7,169.8905029,
169.8928833,-37.38372803,I7,169.8928833,
169.9301147,-37.4362793,I7,169.9301147,
169.9960938,-37.51037598,I7,169.9960938,
169.998291,-37.51251221,I7,169.998291,
170.0155029,-37.53668213,I7,170.0155029,
170.0280762,-37.5479126,I7,170.0280762,
170.0377197,-37.56109619,I7,170.0377197,
170.0631104,-37.58880615,I7,170.0631104,
170.0429077,-37.61328125,I7,170.0429077,
170.034729,-37.62982178,I7,170.034729,
169.9876709,-37.68969727,I7,169.9876709,
169.9517212,-37.76879883,I7,169.9517212,
169.8695068,-37.80407715,I7,169.8695068,
169.7830811,-37.86187744,I7,169.7830811,
169.7122803,-37.89599609,I7,169.7122803,
169.6973267,-37.9050293,I7,169.6973267,
169.6577148,-37.93438721,I7,169.6577148,
169.6359253,-37.94641113,I7,169.6359253,
169.5930786,-37.9755249,I7,169.5930786,
169.5581055,-37.9921875,I7,169.5581055,
169.5114746,-38.02648926,I7,169.5114746,
169.4909058,-38.03790283,I7,169.4909058,
169.4882812,-38.03997803,I7,169.4882812,
169.4415283,-38.06622314,I7,169.4415283,
169.4165039,-38.08349609,I7,169.4165039,
169.399292,-38.09179687,I7,169.399292,
169.3536987,-38.12561035,I7,169.3536987,
169.2866821,-38.16131592,I7,169.2866821,
169.2396851,-38.19232178,I7,169.2396851,
169.1920776,-38.2310791,I7,169.1920776,
169.1409302,-38.26159668,I7,169.1409302,
169.1068726,-38.28649902,I7,169.1068726,
169.1015015,-38.29138184,I7,169.1015015,
169.0739136,-38.30609131,I7,169.0739136,
169.0335083,-38.33850098,I7,169.0335083,
169.0153198,-38.34887695,I7,169.0153198,
169.0053101,-38.355896,I7,169.0053101,
168.9454956,-38.40759277,I7,168.9454956,
168.8566895,-38.46081543,I7,168.8566895,
168.7249146,-38.58148193,I7,168.7249146,
168.550293,-38.71069336,I7,168.550293,
168.4976807,-38.77099609,I7,168.4976807,
168.4317017,-38.82409668,I7,168.4317017,
168.4196777,-38.83612061,I7,168.4196777,
168.3486938,-38.92559814,I7,168.3486938,
168.2600708,-39.0065918,I7,168.2600708,
168.147522,-39.17108154,I7,168.147522,
168.0357056,-39.29882813,I7,168.0357056,
168.0159302,-39.33740234,I7,168.0159302,
167.9984741,-39.35748291,I7,167.9984741,
167.986084,-39.38208008,I7,167.986084,
167.9403076,-39.4395752,I7,167.9403076,
167.8964844,-39.53790283,I7,167.8964844,
167.8331299,-39.63031006,I7,167.8331299,
167.8131104,-39.66931152,I7,167.8131104,
167.7987061,-39.71008301,I7,167.7987061,
167.7634888,-39.73828125,I7,167.7634888,
167.7351074,-39.77410889,I7,167.7351074,
167.647522,-39.84997559,I7,167.647522,
167.5460815,-39.9887085,I7,167.5460815,
167.5353551,-40,I7,167.5353551,
165.3513567,-40,I7,165.3513567,
162.843006,-40,I7,162.843006,
160.0838202,-40,I7,160.0838202,
157.700887,-40,I7,157.700887,
155.3179537,-40,I7,155.3179537,
152.8404551,-40,I7,152.8404551,
152.9987183,-39.87579346,I7,152.9987183,
153.2415161,-39.65319824,I7,153.2415161,
153.4567261,-39.41497803,I7,153.4567261,
153.6210938,-39.20831299,I7,153.6210938,
153.7907104,-38.98248291,I7,153.7907104,
153.9295044,-38.68078613,I7,153.9295044,
154.0369263,-38.4006958,I7,154.0369263,
154.1123047,-38.11608887,I7,154.1123047,
154.1395264,-38.02050781,I7,154.1395264,
154.1989136,-37.73327637,I7,154.1989136,
154.2265015,-37.44299316,I7,154.2265015,
154.2219238,-37.15209961,I7,154.2219238,
154.2653198,-37.003479,I7,154.2653198,
154.2996826,-36.85357666,I7,154.2996826,
154.3074951,-36.84301758,I7,154.3074951,
154.4818726,-36.5881958,I7,154.4818726,
154.6273193,-36.32189941,I7,154.6273193,
154.7423096,-36.04608154,I7,154.7423096,
154.8264771,-35.76330566,I7,154.8264771,
154.8796997,-35.4755249,I7,154.8796997,
154.9807129,-35.28381348,I7,154.9807129,
155.0665283,-35.08691406,I7,155.0665283,
155.1315308,-35.02941895,I7,155.1315308,
155.1942749,-34.9710083,I7,155.1942749,
155.3811035,-34.82220459,I7,155.3811035,
155.6151123,-34.60430908,I7,155.6151123,
156.0059204,-34.12127686,I7,156.0059204,
156.1608887,-33.86029053,I7,156.1608887,
156.352478,-34.04882813,I7,156.352478,
156.5610962,-34.22442627,I7,156.5610962,
156.7858887,-34.3862915,I7,156.7858887,
157.0446777,-34.54937744,I7,157.0446777,
157.3425293,-34.70489502,I7,157.3425293,
157.6564941,-34.83770752,I7,157.6564941,
157.984314,-34.94659424,I7,157.984314,
158.322876,-35.03051758,I7,158.322876,
158.6694946,-35.08880615,I7,158.6694946,
159.0217285,-35.12127686,I7,159.0217285,
159.3759155,-35.12738037,I7,159.3759155,
159.7293091,-35.10717773,I7,159.7293091,
160.0789185,-35.06048584,I7,160.0789185,
160.4216919,-34.98828125,I7,160.4216919,
160.7546997,-34.89080811,I7,160.7546997,
161.0753174,-34.76879883,I7,161.0753174,
161.3809204,-34.62359619,I7,161.3809204,
161.6687012,-34.45629883,I7,161.6687012,
161.9367065,-34.26831055,I7,161.9367065,
162.1829224,-34.06109619,I7,162.1829224,
162.4050903,-33.83660889,I7,162.4050903,
162.6019287,-33.59631348,I7,162.6019287,
162.7719116,-33.34240723,I7,162.7719116,
162.9143066,-33.0769043,I7,162.9143066,
163.0275269,-32.80187988,I7,163.0275269,
163.1116943,-32.51940918,I7,163.1116943,
163.1658936,-32.23181152,I7,163.1658936,
163.1903076,-31.94128418,I7,163.1903076,
163.1846924,-31.65020752,I7,163.1846924,
163.1500854,-31.3604126,I7,163.1500854,
163.0861206,-31.07440186,I7,163.0861206,
162.9938965,-30.79412842,I7,162.9938965,
162.8746948,-30.52160645,I7,162.8746948,
162.7293091,-30.25909424,I7,162.7293091,
162.5587158,-30.00830078,I7,162.5587158,
162.416687,-29.79577637,I7,162.416687,
162.2581177,-29.5927124,I7,162.2581177,
162.083313,-29.39990234,I7,162.083313,
161.9495239,-29.2644043,I7,161.9495239,
161.7156982,-29.05767822,I7,161.7156982,
161.4628906,-28.86907959,I7,161.4628906,
161.1937256,-28.69989014,I7,161.1937256,
160.9093018,-28.55157471,I7,160.9093018,
160.6123047,-28.42510986,I7,160.6123047,
160.3045044,-28.32098389,I7,160.3045044,
159.9880981,-28.24047852,I7,159.9880981,
159.6652832,-28.18377686,I7,159.6652832,
159.3386841,-28.15130615,I7,159.3386841,
159.0100708,-28.14349365,I7,159.0100708,
158.6817017,-28.16021729,I7,158.6817017,
158.3560791,-28.20159912,I7,158.3560791,
158.0357056,-28.26690674,I7,158.0357056,
157.7219238,-28.3560791,I7,157.7219238,
157.4179077,-28.46820068,I7,157.4179077,
157.3897095,-28.22802734,I7,157.3897095,
157.3425293,-27.98968506,I7,157.3425293,
157.3217163,-27.83660889,I7,157.3217163,
157.2924805,-27.68438721,I7,157.2924805,
157.2937012,-27.6774292,I7,157.2937012,
157.2996826,-27.38598633,I7,157.2996826,
157.2772827,-27.09521484,I7,157.2772827,
157.2266846,-26.80731201,I7,157.2266846,
157.1489258,-26.52441406,I7,157.1489258,
157.1231079,-26.40100098,I7,157.1231079,
157.0925293,-26.27880859,I7,157.0925293,
157.1782837,-26.24047852,I7,157.1782837,
157.4592896,-26.09661865,I7,157.4592896,
157.7244873,-25.93048096,I7,157.7244873,
157.9719238,-25.74371338,I7,157.9719238,
158.1995239,-25.5380249,I7,158.1995239,
158.4058838,-25.31469727,I7,158.4058838,
158.6109009,-25.1473999,I7,158.6109009,
159.1323242,-24.92169189,I7,159.1323242,
159.7836914,-24.66619873,I7,159.7836914,
160.5001221,-24.29998779,I7,160.5001221,
161.0864868,-23.9229126,I7,161.0864868,
161.8234863,-23.07958984,I7,161.8234863,
162.194519,-23.4777832,I7,162.194519,
162.5795288,-23.83648682,I7,162.5795288,
162.9254761,-24.0916748,I7,162.9254761,
163.4642944,-24.43499756,I7,163.4642944,
163.9102783,-24.76037598,I7,163.9102783,
164.2235107,-24.95410156,I7,164.2235107,
164.5299072,-25.12860107,I7,164.5299072,
164.9353027,-25.30621338,I7,164.9353027,
165.3203125,-25.48529053,I7,165.3203125,
166.3588867,-25.9197998,I7,166.3588867,
166.2026978,-25.98620605,I7,166.2026978,
165.9946899,-26.09790039,I7,165.9946899,
165.7520752,-26.21130371,I7,165.7520752,
165.3934937,-26.46179199,I7,165.3934937,
165.0454712,-26.76898193,I7,165.0454712,
164.7871094,-27.07141113,I7,164.7871094,
164.5603027,-27.39282227,I7,164.5603027,
164.307312,-27.8369751,I7,164.307312,
164.2122803,-28.13952637,I7,164.2122803,
NA,NA,NA,NA,
-180,-24.19355022,I7,180,
-179.9993286,-24.19372559,I7,180.0006714,
-179.9880981,-24.19750977,I7,180.0119019,
-179.9782104,-24.20050049,I7,180.0217896,
-179.9686279,-24.20361328,I7,180.0313721,
-179.9589233,-24.20629883,I7,180.0410767,
-179.9494019,-24.20941162,I7,180.0505981,
-179.9396973,-24.21221924,I7,180.0603027,
-179.9299927,-24.21520996,I7,180.0700073,
-179.9202881,-24.21807861,I7,180.0797119,
-179.9105835,-24.2208252,I7,180.0894165,
-179.9008179,-24.22351074,I7,180.0991821,
-179.8911133,-24.22637939,I7,180.1088867,
-179.8814087,-24.22918701,I7,180.1185913,
-179.8717041,-24.23181152,I7,180.1282959,
-179.8616943,-24.234375,I7,180.1383057,
-179.8519287,-24.23718262,I7,180.1480713,
-179.8422241,-24.23968506,I7,180.1577759,
-179.8325195,-24.24249268,I7,180.1674805,
-179.8228149,-24.24499512,I7,180.1771851,
-179.8128052,-24.24749756,I7,180.1871948,
-179.8031006,-24.25,I7,180.1968994,
-179.7932129,-24.25250244,I7,180.2067871,
-179.7833252,-24.25500488,I7,180.2166748,
-179.7736206,-24.25750732,I7,180.2263794,
-179.763916,-24.26000977,I7,180.236084,
-179.7539062,-24.26251221,I7,180.2460938,
-179.7442017,-24.26470947,I7,180.2557983,
-179.7341919,-24.26721191,I7,180.2658081,
-179.7244263,-24.26940918,I7,180.2755737,
-179.7144165,-24.27160645,I7,180.2855835,
-179.7044067,-24.27380371,I7,180.2955933,
-179.6947021,-24.27612305,I7,180.3052979,
-179.6846924,-24.27832031,I7,180.3153076,
-179.6746826,-24.28057861,I7,180.3253174,
-179.664978,-24.28277588,I7,180.335022,
-179.6550293,-24.28491211,I7,180.3449707,
-179.6450195,-24.28710937,I7,180.3549805,
-179.6353149,-24.28918457,I7,180.3646851,
-179.6253052,-24.29138184,I7,180.3746948,
-179.6152954,-24.29321289,I7,180.3847046,
-179.6052856,-24.29528809,I7,180.3947144,
-179.5952759,-24.29718018,I7,180.4047241,
-179.5853271,-24.29919434,I7,180.4146729,
-179.5753174,-24.30108643,I7,180.4246826,
-179.5656128,-24.30297852,I7,180.4343872,
-179.555603,-24.30499268,I7,180.444397,
-179.5455933,-24.30688477,I7,180.4544067,
-179.5355835,-24.30859375,I7,180.4644165,
-179.5255127,-24.31048584,I7,180.4744873,
-179.5155029,-24.31219482,I7,180.4844971,
-179.5056152,-24.31390381,I7,180.4943848,
-179.4953003,-24.3157959,I7,180.5046997,
-179.4852905,-24.31750488,I7,180.5147095,
-179.4752808,-24.3190918,I7,180.5247192,
-179.46521,-24.32080078,I7,180.53479,
-179.4553223,-24.32250977,I7,180.5446777,
-179.4453125,-24.32391357,I7,180.5546875,
-179.4353027,-24.32550049,I7,180.5646973,
-179.4249878,-24.32720947,I7,180.5750122,
-179.414978,-24.32861328,I7,180.585022,
-179.4050293,-24.33001709,I7,180.5949707,
-179.3950195,-24.331604,I7,180.6049805,
-179.3847046,-24.33300781,I7,180.6152954,
-179.3746948,-24.33441162,I7,180.6253052,
-179.3646851,-24.33581543,I7,180.6353149,
-179.3546753,-24.33721924,I7,180.6453247,
-179.3444824,-24.33831787,I7,180.6555176,
-179.3344116,-24.33972168,I7,180.6655884,
-179.3244019,-24.34112549,I7,180.6755981,
-179.314209,-24.34222412,I7,180.685791,
-179.3041992,-24.34362793,I7,180.6958008,
-179.2938843,-24.34472656,I7,180.7061157,
-179.2838745,-24.34582519,I7,180.7161255,
-179.2736206,-24.34692383,I7,180.7263794,
-179.2636108,-24.34802246,I7,180.7363892,
-179.2536011,-24.34918213,I7,180.7463989,
-179.2432861,-24.35028076,I7,180.7567139,
-179.2332764,-24.35137939,I7,180.7667236,
-179.2230835,-24.35211182,I7,180.7769165,
-179.2130127,-24.35321045,I7,180.7869873,
-179.2028198,-24.35418701,I7,180.7971802,
-179.1928101,-24.35528564,I7,180.8071899,
-179.1824951,-24.3560791,I7,180.8175049,
-179.1721802,-24.35681152,I7,180.8278198,
-179.1621094,-24.35778809,I7,180.8378906,
-179.1519165,-24.35858154,I7,180.8480835,
-179.1419067,-24.359375,I7,180.8580933,
-179.1317139,-24.36029053,I7,180.8682861,
-179.1217041,-24.36108398,I7,180.8782959,
-179.1113892,-24.36169434,I7,180.8886108,
-179.1010132,-24.36248779,I7,180.8989868,
-179.0911255,-24.36297607,I7,180.9088745,
-179.0808105,-24.36358643,I7,180.9191895,
-179.0708008,-24.36859131,I7,180.9291992,
-178.5095825,-24.77709961,I7,181.4904175,
-178.031189,-25.06182861,I7,181.968811,
-177.4976807,-25.27960205,I7,182.5023193,
-177.0192871,-25.44708252,I7,182.9807129,
-176.522583,-25.49731445,I7,183.477417,
-176,-25.5,I7,184,
-175.473877,-25.43029785,I7,184.526123,
-175,-25.29998779,I7,185,
-174.5540161,-25.17907715,I7,185.4459839,
-174.0999756,-24.95001221,I7,185.9000244,
-173.7077026,-24.64300537,I7,186.2922974,
-173.3948975,-24.2578125,I7,186.6051025,
-173.0820923,-24.1237793,I7,186.9179077,
-172.8428955,-24.00640869,I7,187.1571045,
-172.6589966,-23.87249756,I7,187.3410034,
-172.456604,-23.72180176,I7,187.543396,
-172.2000122,-23.5,I7,187.7999878,
-171.9414063,-23.18579102,I7,188.0585937,
-171.7207031,-22.81719971,I7,188.2792969,
-171.5734863,-22.51580811,I7,188.4265137,
-171.4630127,-22.28118896,I7,188.5369873,
-171.399292,-22.00109863,I7,188.600708,
-170.9691162,-22.1182251,I7,189.0308838,
-170.401123,-22.26611328,I7,189.598877,
-169.7913818,-22.33508301,I7,190.2086182,
-169.2451172,-22.27178955,I7,190.7548828,
-168.661499,-22.12268066,I7,191.338501,
-168.2351074,-21.91369629,I7,191.7648926,
-167.8212891,-21.62402344,I7,192.1787109,
-167.4346924,-21.30450439,I7,192.5653076,
-167.0031128,-20.71472168,I7,192.9968872,
-166.6342163,-20.12438965,I7,193.3657837,
-166.338501,-19.57952881,I7,193.661499,
-166.3395996,-19.57250977,I7,193.6604004,
-166.3070068,-19.63031006,I7,193.6929932,
-166.265625,-19.6942749,I7,193.734375,
-166.2233887,-19.76879883,I7,193.7766113,
-166.1862793,-19.8236084,I7,193.8137207,
-166.1508789,-19.88409424,I7,193.8491211,
-166.116394,-19.93560791,I7,193.883606,
-166.0939941,-19.98217773,I7,193.9060059,
-166.0637817,-20.02148438,I7,193.9362183,
-166.0231934,-20.06890869,I7,193.9768066,
-165.980896,-20.12121582,I7,194.019104,
-165.9343262,-20.18078613,I7,194.0656738,
-165.8911133,-20.23059082,I7,194.1088867,
-165.8463135,-20.28851318,I7,194.1536865,
-165.828125,-20.30480957,I7,194.171875,
-165.7684937,-20.37091064,I7,194.2315063,
-165.6967773,-20.4362793,I7,194.3032227,
-165.628479,-20.49829102,I7,194.371521,
-165.5515747,-20.55950928,I7,194.4484253,
-165.4841919,-20.62481689,I7,194.5158081,
-165.3984985,-20.68029785,I7,194.6015015,
-165.3189087,-20.7479248,I7,194.6810913,
-165.2427979,-20.80407715,I7,194.7572021,
-165.168396,-20.84417725,I7,194.831604,
-165.0681152,-20.91571045,I7,194.9318848,
-164.9893799,-20.95739746,I7,195.0106201,
-164.9053955,-20.99578857,I7,195.0946045,
-164.8336182,-21.04620361,I7,195.1663818,
-164.7755127,-21.07879639,I7,195.2244873,
-164.6795044,-21.11798096,I7,195.3204956,
-164.5668945,-21.16040039,I7,195.4331055,
-164.4664917,-21.2020874,I7,195.5335083,
-164.3937988,-21.2387085,I7,195.6062012,
-164.3400879,-21.253479,I7,195.6599121,
-164.2855835,-21.27380371,I7,195.7144165,
-164.1729126,-21.29852295,I7,195.8270874,
-164.0864258,-21.33520508,I7,195.9135742,
-164.0101929,-21.35321045,I7,195.9898071,
-163.9130859,-21.37530518,I7,196.0869141,
-163.8237915,-21.38690186,I7,196.1762085,
-163.7553101,-21.40087891,I7,196.2446899,
-163.6851807,-21.42138672,I7,196.3148193,
-163.6063843,-21.42730713,I7,196.3936157,
-163.5405273,-21.43389893,I7,196.4594727,
-163.4677124,-21.44232178,I7,196.5322876,
-163.4202271,-21.44171143,I7,196.5797729,
-163.4083252,-21.56030273,I7,196.5916748,
-163.4050903,-21.64660644,I7,196.5949097,
-163.3809204,-21.76928711,I7,196.6190796,
-163.3703003,-21.86999512,I7,196.6296997,
-163.3551025,-21.96258545,I7,196.6448975,
-163.3338013,-22.08081055,I7,196.6661987,
-163.3005981,-22.20532227,I7,196.6994019,
-163.2634888,-22.29718018,I7,196.7365112,
-163.223877,-22.39929199,I7,196.776123,
-163.1691895,-22.49060059,I7,196.8308105,
-163.1196899,-22.59759522,I7,196.8803101,
-163.100708,-22.63769531,I7,196.899292,
-163.0560913,-22.74432373,I7,196.9439087,
-162.9910278,-22.87451172,I7,197.0089722,
-162.9172974,-22.9710083,I7,197.0827026,
-162.8612061,-23.05657959,I7,197.1387939,
-162.7412109,-23.20111084,I7,197.2587891,
-162.6981201,-23.26928711,I7,197.3018799,
-162.6323853,-23.34368897,I7,197.3676147,
-162.5581055,-23.42272949,I7,197.4418945,
-162.430603,-23.52679443,I7,197.569397,
-162.3956909,-23.57519531,I7,197.6043091,
-162.3092041,-23.65020752,I7,197.6907959,
-162.2349243,-23.70849609,I7,197.7650757,
-162.1026001,-23.79937744,I7,197.8973999,
-162.0170898,-23.89099121,I7,197.9829102,
-161.8864746,-23.99951172,I7,198.1135254,
-161.7064209,-24.06719971,I7,198.2935791,
-161.6035156,-24.13238525,I7,198.3964844,
-161.4906006,-24.2020874,I7,198.5093994,
-161.3828125,-24.25109863,I7,198.6171875,
-161.2944946,-24.29321289,I7,198.7055054,
-161.2097168,-24.32910156,I7,198.7902832,
-161.1273804,-24.35467529,I7,198.8726196,
-161.0543213,-24.39019775,I7,198.9456787,
-160.9307861,-24.42871094,I7,199.0692139,
-160.8190918,-24.46630859,I7,199.1809082,
-160.690918,-24.49279785,I7,199.309082,
-160.5825806,-24.51599121,I7,199.4174194,
-160.5119019,-24.53601074,I7,199.4880981,
-160.3876953,-24.5513916,I7,199.6123047,
-160.2984009,-24.56030273,I7,199.7015991,
-160.2030029,-24.55310059,I7,199.7969971,
-160.168396,-24.58837891,I7,199.831604,
-160.1044922,-24.62878418,I7,199.8955078,
-159.9962769,-24.68670654,I7,200.0037231,
-159.8820801,-24.76507568,I7,200.1179199,
-159.7600098,-24.83007813,I7,200.2399902,
-159.6345825,-24.89898682,I7,200.3654175,
-159.5324097,-24.94799805,I7,200.4675903,
-159.4381104,-24.9954834,I7,200.5618896,
-159.3568115,-25.04467773,I7,200.6431885,
-159.2839966,-25.08459473,I7,200.7160034,
-159.1013184,-25.13110352,I7,200.8986816,
-158.9766235,-25.15020752,I7,201.0233765,
-158.8353882,-25.18292236,I7,201.1646118,
-158.7227783,-25.2052002,I7,201.2772217,
-158.5919189,-25.22290039,I7,201.4080811,
-158.4445801,-25.2532959,I7,201.5554199,
-158.3618164,-25.2645874,I7,201.6381836,
-158.2313843,-25.27832031,I7,201.7686157,
-158.1369019,-25.2880249,I7,201.8630981,
-157.99823,-25.29162598,I7,202.00177,
-157.77948,-25.29058838,I7,202.22052,
-157.6627197,-25.2855835,I7,202.3372803,
-157.4119873,-25.2565918,I7,202.5880127,
-157.2282104,-25.23638916,I7,202.7717896,
-157.0147095,-25.18658447,I7,202.9852905,
-156.8568115,-25.15570068,I7,203.1431885,
-156.6779785,-25.09338379,I7,203.3220215,
-156.489502,-25.00061035,I7,203.510498,
-156.3392944,-24.93579102,I7,203.6607056,
-156.2062988,-24.90631104,I7,203.7937012,
-156.1422119,-24.89477539,I7,203.8577881,
-156.0167847,-24.9342041,I7,203.9832153,
-155.8411865,-24.98687744,I7,204.1588135,
-155.3903809,-25.07720947,I7,204.6096191,
-155.0803223,-25.3427124,I7,204.9196777,
-154.7653198,-25.56201172,I7,205.2346802,
-154.3848267,-25.72998047,I7,205.6151733,
-153.8071899,-25.86499023,I7,206.1928101,
-153.1640015,-25.97650147,I7,206.8359985,
-152.5921021,-25.98779297,I7,207.4078979,
-151.9854126,-25.88909912,I7,208.0145874,
-151.5991821,-26.19360352,I7,208.4008179,
-151.15271,-26.4152832,I7,208.84729,
-150.6862183,-26.5770874,I7,209.3137817,
-150.1390991,-26.67028809,I7,209.8609009,
-149.7932129,-26.72229004,I7,210.2067871,
-149.7786255,-26.98120117,I7,210.2213745,
-149.7932129,-27.22711182,I7,210.2067871,
-149.7346191,-27.52502441,I7,210.2653809,
-149.6759033,-27.87451172,I7,210.3240967,
-149.4998779,-28.31481934,I7,210.5001221,
-149.2946167,-28.70318604,I7,210.7053833,
-148.8546753,-29.23400879,I7,211.1453247,
-148.4439087,-29.5836792,I7,211.5560913,
-147.9160156,-29.9072876,I7,212.0839844,
-147.2999878,-30.1663208,I7,212.7000122,
-146.5227051,-30.33459473,I7,213.4772949,
-145.7747192,-30.67120361,I7,214.2252808,
-145.012085,-30.89129639,I7,214.987915,
-144.3226929,-30.93017578,I7,215.6773071,
-143.7067871,-30.89129639,I7,216.2932129,
-143.1934814,-30.77478027,I7,216.8065186,
-142.7387085,-30.60650635,I7,217.2612915,
-142.2841797,-30.38641357,I7,217.7158203,
-141.90271,-30.14038086,I7,218.09729,
-141.4041748,-29.68719482,I7,218.5958252,
-141.0961914,-29.31170654,I7,218.9038086,
-140.8908081,-28.88452148,I7,219.1091919,
-140.6707764,-28.26300049,I7,219.3292236,
-140.5974121,-27.80987549,I7,219.4025879,
-140.5974121,-27.36962891,I7,219.4025879,
-140.7147827,-26.85168457,I7,219.2852173,
-140.8615112,-26.32080078,I7,219.1384888,
-141.184082,-25.81591797,I7,218.815918,
-141.5654907,-25.34979248,I7,218.4345093,
-142.0200806,-24.96142578,I7,217.9799194,
-141.7120972,-25.02612305,I7,218.2879028,
-141.2056885,-25.07019043,I7,218.7943115,
-140.7501831,-25.11437988,I7,219.2498169,
-140.3037109,-25.33331299,I7,219.6962891,
-139.8120117,-25.46447754,I7,220.1879883,
-139.5020142,-25.74310303,I7,220.4979858,
-139.0905151,-26.02972412,I7,220.9094849,
-138.5578003,-26.27398682,I7,221.4421997,
-137.8939819,-26.43981934,I7,222.1060181,
-137.2562256,-26.49169922,I7,222.7437744,
-136.6538086,-26.47998047,I7,223.3461914,
-136.1536865,-26.35479736,I7,223.8463135,
-135.7078857,-26.46600342,I7,224.2921143,
-135.2359009,-26.56561279,I7,224.7640991,
-134.7808838,-26.65771484,I7,225.2191162,
-134.3931885,-26.6730957,I7,225.6068115,
-133.869812,-26.64538574,I7,226.130188,
-133.4915771,-26.53088379,I7,226.5084229,
-133.4072876,-26.51208496,I7,226.5927124,
-133.2962036,-26.71948242,I7,226.7037964,
-133.2785034,-26.74157715,I7,226.7214966,
-133.2653198,-26.76708984,I7,226.7346802,
-133.2592773,-26.77618408,I7,226.7407227,
-133.2139893,-26.83032227,I7,226.7860107,
-133.180603,-26.88818359,I7,226.819397,
-133.0187988,-27.06530762,I7,226.9812012,
-132.8444214,-27.28289795,I7,227.1555786,
-132.8173218,-27.30499268,I7,227.1826782,
-132.7952881,-27.33129883,I7,227.2047119,
-132.727478,-27.38452148,I7,227.272522,
-132.6906128,-27.42480469,I7,227.3093872,
-132.5216064,-27.54620361,I7,227.4783936,
-132.2731934,-27.74890137,I7,227.7268066,
-132.2415771,-27.76538086,I7,227.7584229,
-132.2139893,-27.7869873,I7,227.7860107,
-132.1231079,-27.83239746,I7,227.8768921,
-132.0883789,-27.8572998,I7,227.9116211,
-131.9354858,-27.92608643,I7,228.0645142,
-131.9091187,-27.93920898,I7,228.0908813,
-131.6074829,-28.09710693,I7,228.3925171,
-131.5728149,-28.1072998,I7,228.4271851,
-131.5408936,-28.12322998,I7,228.4591064,
-131.4290161,-28.1539917,I7,228.5709839,
-131.3999023,-28.16699219,I7,228.6000977,
-131.2788086,-28.19519043,I7,228.7211914,
-131.2075806,-28.21478272,I7,228.7924194,
-130.8764038,-28.31231689,I7,229.1235962,
-130.84021,-28.31561279,I7,229.15979,
-130.8052979,-28.32531738,I7,229.1947021,
-130.6773071,-28.33520508,I7,229.3226929,
-130.6553955,-28.34020996,I7,229.3446045,
-130.5681763,-28.34362793,I7,229.4318237,
-130.458313,-28.35211182,I7,229.541687,
-130.2504883,-28.37188721,I7,229.7495117,
-130.2338257,-28.37408447,I7,229.7661743,
-130.2296143,-28.37390137,I7,229.7703857,
-130.1119995,-28.38500977,I7,229.8880005,
-130.0800171,-28.38500977,I7,229.9199829,
-130.0579834,-28.38299561,I7,229.9420166,
-130.0394287,-28.38439941,I7,229.9605713,
-129.90271,-28.36889648,I7,230.09729,
-129.8873901,-28.36950684,I7,230.1126099,
-129.8394165,-28.36218262,I7,230.1605835,
-129.7122803,-28.35009766,I7,230.2877197,
-129.5335083,-28.33428955,I7,230.4664917,
-129.4666748,-28.33050537,I7,230.5333252,
-129.4541016,-28.32739258,I7,230.5458984,
-129.3444824,-28.31768799,I7,230.6555176,
-129.3303223,-28.3137207,I7,230.6696777,
-129.3154907,-28.31231689,I7,230.6845093,
-128.9639893,-28.20880127,I7,231.0360107,
-128.8070068,-28.16387939,I7,231.1929932,
-128.7263184,-28.14331055,I7,231.2736816,
-128.711792,-28.13659668,I7,231.288208,
-128.6115112,-28.10791016,I7,231.3884888,
-128.5985107,-28.10119629,I7,231.4014893,
-128.5844116,-28.09710693,I7,231.4155884,
-128.2644043,-27.9296875,I7,231.7355957,
-128.1433105,-27.86749268,I7,231.8566895,
-128.0449829,-27.82098389,I7,231.9550171,
-128.0283203,-27.80841064,I7,231.9716797,
-127.9428101,-27.7645874,I7,232.0571899,
-127.9317017,-27.75561523,I7,232.0682983,
-127.9188232,-27.74890137,I7,232.0811768,
-127.7669067,-27.625,I7,232.2330933,
-127.5516968,-27.58081055,I7,232.4483032,
-127.1964111,-27.51159668,I7,232.8035889,
-127.1790771,-27.5045166,I7,232.8209229,
-127.1604004,-27.50061035,I7,232.8395996,
-126.9108276,-27.3961792,I7,233.0891724,
-126.8729858,-27.41619873,I7,233.1270142,
-126.7227783,-27.4987793,I7,233.2772217,
-126.4282837,-27.66760254,I7,233.5717163,
-126.3950806,-27.67871094,I7,233.6049194,
-126.3648071,-27.6953125,I7,233.6351929,
-126.3197021,-27.70941162,I7,233.6802979,
-126.300293,-27.71990967,I7,233.699707,
-126.03479,-27.79949951,I7,233.96521,
-125.7092896,-27.9085083,I7,234.2907104,
-125.6962891,-27.91162109,I7,234.3037109,
-125.6672974,-27.91540527,I7,234.3327026,
-125.6408081,-27.92370605,I7,234.3591919,
-125.6077881,-27.92749023,I7,234.3922119,
-125.5725098,-27.93811035,I7,234.4274902,
-125.2545166,-27.9697876,I7,234.7454834,
-124.9378052,-28.01147461,I7,235.0621948,
-124.8937988,-28.00891113,I7,235.1062012,
-124.8804932,-28.01037598,I7,235.1195068,
-124.8709106,-28.00970459,I7,235.1290894,
-124.864502,-28.01037598,I7,235.135498,
-124.8546753,-28.00958252,I7,235.1453247,
-124.8106079,-28.01397705,I7,235.1893921,
-124.4923096,-27.98498535,I7,235.5076904,
-124.1730957,-27.96588135,I7,235.8269043,
-124.1235962,-27.95330811,I7,235.8764038,
-124.1008911,-27.95147705,I7,235.8991089,
-124.0883789,-27.94799805,I7,235.9116211,
-124.0480957,-27.94439697,I7,235.9519043,
-123.7434082,-27.85571289,I7,236.2565918,
-123.4354858,-27.7769165,I7,236.5645142,
-123.3934937,-27.7567749,I7,236.6065063,
-123.3673096,-27.74951172,I7,236.6326904,
-123.352478,-27.7421875,I7,236.647522,
-123.3181763,-27.73217773,I7,236.6818237,
-123.0404053,-27.5880127,I7,236.9595947,
-122.7573242,-27.45269775,I7,237.2426758,
-122.7241821,-27.4276123,I7,237.2758179,
-122.696106,-27.41351318,I7,237.303894,
-122.6799927,-27.40087891,I7,237.3200073,
-122.65271,-27.38677979,I7,237.34729,
-122.4140015,-27.19329834,I7,237.5859985,
-122.1680908,-27.00738525,I7,237.8319092,
-122.1444092,-26.98010254,I7,237.8555908,
-122.116394,-26.95812988,I7,237.883606,
-122.100708,-26.93920898,I7,237.899292,
-122.0808105,-26.9230957,I7,237.9191895,
-122.0778809,-26.92010498,I7,237.9221191,
-121.8834229,-26.67919922,I7,238.1165771,
-121.6936035,-26.46051025,I7,238.3063965,
-121.678894,-26.43328857,I7,238.321106,
-121.6536865,-26.40301514,I7,238.3463135,
-121.6414795,-26.37957764,I7,238.3585205,
-121.6246948,-26.35858154,I7,238.3753052,
-121.4785767,-26.06420898,I7,238.5214233,
-121.3546753,-25.83587647,I7,238.6453247,
-121.3477173,-25.81079102,I7,238.6522827,
-121.3280029,-25.77258301,I7,238.6719971,
-121.3214111,-25.74737549,I7,238.6785889,
-121.3096924,-25.72369385,I7,238.6903076,
-121.234375,-25.4085083,I7,238.765625,
-121.223999,-25.36810303,I7,238.776001,
-121.1968994,-25.27130127,I7,238.8031006,
-121.1680908,-25.17071533,I7,238.8319092,
-121.1679077,-25.16778564,I7,238.8320923,
-121.1660767,-25.16088867,I7,238.8339233,
-121.1651001,-25.13928223,I7,238.8348999,
-121.1536255,-25.09448242,I7,238.8463745,
-121.1530762,-25.06860352,I7,238.8469238,
-121.1469116,-25.04321289,I7,238.8530884,
-121.1453857,-24.72070312,I7,238.8546143,
-121.1450195,-24.70391846,I7,238.8549805,
-121.133728,-24.47497559,I7,238.866272,
-121.1392822,-24.4442749,I7,238.8607178,
-121.1383057,-24.39831543,I7,238.8616943,
-121.1436768,-24.37280273,I7,238.8563232,
-121.1434937,-24.34692383,I7,238.8565063,
-121.2109985,-24.05187988,I7,238.7890015,
-121.2592163,-23.7880249,I7,238.7407837,
-121.2744751,-23.75250244,I7,238.7255249,
-121.2825928,-23.71429443,I7,238.7174072,
-121.2844849,-23.70831299,I7,238.7155151,
-121.2943115,-23.68701172,I7,238.7056885,
-121.2993774,-23.6651001,I7,238.7006226,
-121.4185791,-23.41888428,I7,238.5814209,
-121.5391235,-23.13970947,I7,238.4608765,
-121.5643921,-23.10498047,I7,238.4356079,
-121.5820923,-23.06658936,I7,238.4179077,
-121.6008911,-23.04211426,I7,238.3991089,
-121.6079102,-23.02758789,I7,238.3920898,
-121.7349243,-22.86730957,I7,238.2650757,
-121.7752075,-22.81469727,I7,238.2247925,
-121.9613037,-22.55841064,I7,238.0386963,
-121.9938965,-22.52929688,I7,238.0061035,
-122.0200806,-22.49511719,I7,237.9799194,
-122.0493774,-22.47021484,I7,237.9506226,
-122.055603,-22.46228027,I7,237.944397,
-122.0682983,-22.45172119,I7,237.9317017,
-122.1636963,-22.37280273,I7,237.8363037,
-122.2666016,-22.28521729,I7,237.7333984,
-122.5072021,-22.06970215,I7,237.4927979,
-122.5457764,-22.04730225,I7,237.4542236,
-122.5792236,-22.01879883,I7,237.4207764,
-122.6184082,-21.99737549,I7,237.3815918,
-122.6358032,-21.98291016,I7,237.3641968,
-122.8756104,-21.855896,I7,237.1243896,
-123.1530151,-21.69482422,I7,236.8469849,
-123.1640015,-21.68988037,I7,236.8359985,
-123.2019043,-21.67687988,I7,236.7980957,
-123.2351074,-21.65869141,I7,236.7648926,
-123.2659912,-21.64892578,I7,236.7340088,
-123.2977295,-21.63208008,I7,236.7022705,
-123.5916748,-21.54388428,I7,236.4083252,
-123.8814087,-21.44512939,I7,236.1185913,
-123.9353027,-21.43768311,I7,236.0646973,
-123.9591064,-21.43017578,I7,236.0408936,
-123.9782104,-21.42797852,I7,236.0217896,
-124.0255127,-21.41387939,I7,235.9744873,
-124.3331909,-21.38317871,I7,235.6668091,
-124.6392822,-21.34118652,I7,235.3607178,
-124.7072754,-21.34490967,I7,235.2927246,
-124.7194824,-21.34350586,I7,235.2805176,
-124.7258911,-21.34399414,I7,235.2741089,
-124.7872925,-21.33789062,I7,235.2127075,
-125.0952759,-21.36608887,I7,234.9047241,
-125.4042969,-21.3828125,I7,234.5957031,
-125.4749756,-21.4005127,I7,234.5250244,
-125.5004272,-21.40270996,I7,234.4995728,
-125.5498047,-21.40759277,I7,234.4501953,
-125.8446045,-21.49328613,I7,234.1553955,
-126.1430054,-21.56811523,I7,233.8569946,
-126.2022095,-21.5960083,I7,233.7977905,
-126.2322998,-21.60418701,I7,233.7677002,
-126.2902832,-21.5703125,I7,233.7097168,
-126.4960938,-21.4342041,I7,233.5039062,
-126.5643921,-21.40649414,I7,233.4356079,
-126.6463013,-21.35717773,I7,233.3536987,
-126.6708984,-21.34838867,I7,233.3291016,
-126.6929932,-21.33538818,I7,233.3070068,
-126.994812,-21.23181152,I7,233.005188,
-127.1942749,-21.15087891,I7,232.8057251,
-127.2548828,-21.13922119,I7,232.7451172,
-127.357605,-21.10241699,I7,232.642395,
-127.383606,-21.09838867,I7,232.616394,
-127.4082031,-21.09002686,I7,232.5917969,
-127.7606812,-21.04107666,I7,232.2393188,
-127.9418945,-21.00610352,I7,232.0581055,
-127.9598999,-21.00610352,I7,232.0401001,
-127.9916992,-21.00610352,I7,232.0083008,
-128.1115112,-20.98797607,I7,231.8884888,
-128.1378174,-20.98901367,I7,231.8621826,
-128.1638794,-20.9854126,I7,231.8361206,
-128.5192871,-21.00439453,I7,231.4807129,
-128.5609131,-21.00610352,I7,231.4390869,
-128.7041016,-20.95050049,I7,231.2958984,
-128.7770996,-20.9196167,I7,231.2229004,
-128.8433838,-20.88250732,I7,231.1566162,
-128.90979,-20.85168457,I7,231.09021,
-128.9761963,-20.83319092,I7,231.0238037,
-129.0625,-20.78369141,I7,230.9375,
-129.1885986,-20.74047852,I7,230.8114014,
-129.3544922,-20.69110107,I7,230.6455078,
-129.4805908,-20.65411377,I7,230.5194092,
-129.5802002,-20.63549805,I7,230.4197998,
-129.6929932,-20.61077881,I7,230.3070068,
-129.7991943,-20.58618164,I7,230.2008057,
-129.9320068,-20.56762695,I7,230.0679932,
-130.0712891,-20.55529785,I7,229.9287109,
-130.1774902,-20.54290771,I7,229.8225098,
-130.3168945,-20.53057861,I7,229.6831055,
-130.4298096,-20.53057861,I7,229.5701904,
-130.5093994,-20.53668213,I7,229.4906006,
-130.5758057,-20.53668213,I7,229.4241943,
-130.6621094,-20.53668213,I7,229.3378906,
-130.7283936,-20.53668213,I7,229.2716064,
-130.8214111,-20.54290771,I7,229.1785889,
-130.8876953,-20.55529785,I7,229.1123047,
-130.9541016,-20.56140137,I7,229.0458984,
-130.9938965,-20.56762695,I7,229.0061035,
-131.0205078,-20.56762695,I7,228.9794922,
-131.0603027,-20.5737915,I7,228.9396973,
-131.1068115,-20.57989502,I7,228.8931885,
-131.1730957,-20.59228516,I7,228.8269043,
-131.2329102,-20.60467529,I7,228.7670898,
-131.3059082,-20.61700439,I7,228.6940918,
-131.3723145,-20.63549805,I7,228.6276855,
-131.4453125,-20.64172363,I7,228.5546875,
-131.4984131,-20.66027832,I7,228.5015869,
-131.5515137,-20.67260742,I7,228.4484863,
-131.5979004,-20.68487549,I7,228.4020996,
-131.6311035,-20.68487549,I7,228.3688965,
-131.6776123,-20.71582031,I7,228.3223877,
-131.723999,-20.71582031,I7,228.276001,
-131.7770996,-20.734375,I7,228.2229004,
-131.8500977,-20.75909424,I7,228.1499023,
-131.9031982,-20.77142334,I7,228.0968018,
-131.9630127,-20.80230713,I7,228.0369873,
-132.0360107,-20.82080078,I7,227.9639893,
-132.0167847,-20.7611084,I7,227.9832153,
-132.1094971,-20.43920898,I7,227.8905029,
-132.2443237,-20.11712646,I7,227.7556763,
-132.3135986,-20,I7,227.6864014,
-130,-20,I7,230,
-130,1.00E-10,I7,230,
-127.0485907,1.00E-10,I7,232.9514093,
-123.5368996,1.00E-10,I7,236.4631004,
-120,1.00E-10,I7,240,
-120,-40,I7,240,
-121.9064716,-40,I7,238.0935284,
-124.9164925,-40,I7,235.0835075,
-127.6756784,-40,I7,232.3243216,
-131.563622,-40,I7,228.436378,
-134.3228078,-40,I7,225.6771922,
-137.5836638,-40,I7,222.4163362,
-141.2207724,-40,I7,218.7792276,
-144.2307933,-40,I7,215.7692067,
-146.8645616,-40,I7,213.1354384,
-150,-40,I7,210,
-153.7625261,-40,I7,206.2374739,
-157.2742172,-40,I7,202.7257828,
-160.2842381,-40,I7,199.7157619,
-163.545094,-40,I7,196.454906,
-166.5551149,-40,I7,193.4448851,
-168.436378,-40,I7,191.563622,
-170.9447287,-40,I7,189.0552713,
-173.3276619,-40,I7,186.6723381,
-177.9807547,-40,I7,182.0192453,
-177.9793091,-39.99658203,I7,182.0206909,
-177.9628906,-39.96520996,I7,182.0371094,
-177.876709,-39.84918213,I7,182.123291,
-177.8737793,-39.84228516,I7,182.1262207,
-177.8580933,-39.82080078,I7,182.1419067,
-177.8422241,-39.78210449,I7,182.1577759,
-177.8175049,-39.74639893,I7,182.1824951,
-177.737793,-39.53570557,I7,182.262207,
-177.7161865,-39.49450684,I7,182.2838135,
-177.7069092,-39.47949219,I7,182.2930908,
-177.7047119,-39.47290039,I7,182.2952881,
-177.6660767,-39.39892578,I7,182.3339233,
-177.6433105,-39.30218506,I7,182.3566895,
-177.5983887,-39.19750977,I7,182.4016113,
-177.5827026,-39.16290283,I7,182.4172974,
-177.5820923,-39.15942383,I7,182.4179077,
-177.5516968,-39.08868408,I7,182.4483032,
-177.5494995,-39.07391357,I7,182.4505005,
-177.5435791,-39.05969238,I7,182.4564209,
-177.5252075,-38.92700195,I7,182.4747925,
-177.5155029,-38.90228271,I7,182.4844971,
-177.5095825,-38.85198975,I7,182.4904175,
-177.4943237,-38.80358887,I7,182.5056763,
-177.4924927,-38.76000977,I7,182.5075073,
-177.4887085,-38.75390625,I7,182.5112915,
-177.4736938,-38.7053833,I7,182.5263062,
-177.4653931,-38.69110107,I7,182.5346069,
-177.4382935,-38.59649658,I7,182.5617065,
-177.4160767,-38.55218506,I7,182.5839233,
-177.4028931,-38.49121094,I7,182.5971069,
-177.3342896,-38.32458496,I7,182.6657104,
-177.3175049,-38.19940186,I7,182.6824951,
-177.2797852,-38.07720947,I7,182.7202148,
-177.2783813,-38.03771973,I7,182.7216187,
-177.2709961,-38.01177979,I7,182.7290039,
-177.2684937,-37.86621094,I7,182.7315063,
-177.2686157,-37.86218262,I7,182.7313843,
-177.2680054,-37.82769775,I7,182.7319946,
-177.2418823,-37.63201904,I7,182.7581177,
-177.2418823,-37.62200928,I7,182.7581177,
-177.2583008,-37.49908447,I7,182.7416992,
-177.2539063,-37.38110352,I7,182.7460937,
-177.260498,-37.35290527,I7,182.739502,
-177.2598877,-37.31549072,I7,182.7401123,
-177.3082886,-37.1237793,I7,182.6917114,
-177.3342896,-36.92938232,I7,182.6657104,
-177.3887939,-36.79699707,I7,182.6112061,
-177.4121094,-36.69598389,I7,182.5878906,
-177.4207153,-36.67950439,I7,182.5792847,
-177.4326172,-36.63250732,I7,182.5673828,
-177.5305786,-36.45300293,I7,182.4694214,
-177.6071167,-36.26708984,I7,182.3928833,
-177.7045898,-36.13391113,I7,182.2954102,
-177.706604,-36.13031006,I7,182.293396,
-177.7474976,-36.05181885,I7,182.2525024,
-177.7528076,-36.04559326,I7,182.2471924,
-177.7816162,-35.99279785,I7,182.2183838,
-177.84198,-35.92547607,I7,182.15802,
-177.8479004,-35.9152832,I7,182.1520996,
-177.914978,-35.84417725,I7,182.085022,
-177.9246826,-35.83331299,I7,182.0753174,
-178.0487061,-35.66400146,I7,181.9512939,
-178.1790771,-35.54980469,I7,181.8209229,
-178.291626,-35.42437744,I7,181.708374,
-178.3522949,-35.38018799,I7,181.6477051,
-178.3746948,-35.35638428,I7,181.6253052,
-178.4967041,-35.27160645,I7,181.5032959,
-178.6395874,-35.14648437,I7,181.3604126,
-178.7564087,-35.07940674,I7,181.2435913,
-178.8209839,-35.02770996,I7,181.1790161,
-178.8748779,-34.99951172,I7,181.1251221,
-178.9404297,-34.9519043,I7,181.0595703,
-178.9573975,-34.94189453,I7,181.0426025,
-179,-34.921875,I7,181,
-179.0372925,-34.89599609,I7,180.9627075,
-179.0623169,-34.88201904,I7,180.9376831,
-179.2133179,-34.81500244,I7,180.7866821,
-179.2485962,-34.7902832,I7,180.7514038,
-179.3052979,-34.76501465,I7,180.6947021,
-179.3275757,-34.75231934,I7,180.6724243,
-179.166626,-34.77978516,I7,180.833374,
-179.1000977,-34.77911377,I7,180.8999023,
-179.0344849,-34.78820801,I7,180.9655151,
-178.692627,-34.77490234,I7,181.307373,
-178.3504028,-34.77142334,I7,181.6495972,
-178.3403931,-34.77038574,I7,181.6596069,
-178.2855835,-34.7598877,I7,181.7144165,
-178.2293091,-34.7578125,I7,181.7706909,
-178.2227783,-34.75640869,I7,181.7772217,
-178.2189941,-34.75628662,I7,181.7810059,
-178.0795898,-34.72528076,I7,181.9204102,
-177.8878784,-34.68341064,I7,182.1121216,
-177.5440063,-34.61749268,I7,182.4559937,
-177.492981,-34.59741211,I7,182.507019,
-177.4384766,-34.58551025,I7,182.5615234,
-177.1226196,-34.45220947,I7,182.8773804,
-176.8753052,-34.35528564,I7,183.1246948,
-176.8265991,-34.33679199,I7,183.1734009,
-176.8239746,-34.33520508,I7,183.1760254,
-176.8023071,-34.32659912,I7,183.1976929,
-176.7573242,-34.2979126,I7,183.2426758,
-176.7069092,-34.27679443,I7,183.2930908,
-176.4470825,-34.10150147,I7,183.5529175,
-176.1663208,-33.92749023,I7,183.8336792,
-176.1577148,-33.91931152,I7,183.8422852,
-176.1473999,-33.91290283,I7,183.8526001,
-176.1002197,-33.86761475,I7,183.8997803,
-176.0665894,-33.84490967,I7,183.9334106,
-176.0606079,-33.83990479,I7,183.9393921,
-175.9093018,-33.68432617,I7,184.0906982,
-175.8847046,-33.6605835,I7,184.1152954,
-175.6201172,-33.40991211,I7,184.3798828,
-175.6137085,-33.4005127,I7,184.3862915,
-175.6051025,-33.39221191,I7,184.3948975,
-175.5609131,-33.32592773,I7,184.4390869,
-175.5394897,-33.30389404,I7,184.4605103,
-175.4595947,-33.17388916,I7,184.5404053,
-175.4096069,-33.09899902,I7,184.5903931,
-175.2119751,-32.80688477,I7,184.7880249,
-175.2080078,-32.79650879,I7,184.7919922,
-175.2015991,-32.7869873,I7,184.7984009,
-175.1707764,-32.70397949,I7,184.8292236,
-175.1604004,-32.68701172,I7,184.8395996,
-175.1293945,-32.59307861,I7,184.8706055,
-175.0819092,-32.46539307,I7,184.9180908,
-174.9597168,-32.14459229,I7,185.0402832,
-174.958313,-32.13372803,I7,185.041687,
-174.9544067,-32.12329102,I7,185.0455933,
-174.9434204,-32.02740479,I7,185.0565796,
-174.9398804,-32.01660156,I7,185.0601196,
-174.9356079,-31.9597168,I7,185.0643921,
-174.9157104,-31.78747559,I7,185.0842896,
-174.9077759,-31.72338867,I7,185.0922241,
-174.8707886,-31.6572876,I7,185.1292114,
-174.854126,-31.5980835,I7,185.145874,
-174.7852783,-31.44958496,I7,185.2147217,
-174.7714233,-31.37988281,I7,185.2285767,
-174.7619019,-31.35760498,I7,185.2380981,
-174.7595825,-31.34362793,I7,185.2404175,
-174.7374268,-31.28778076,I7,185.2625732,
-174.7189941,-31.15570068,I7,185.2810059,
-174.6967163,-31.10900879,I7,185.3032837,
-174.6171875,-30.98968506,I7,185.3828125,
-174.5357056,-30.88500977,I7,185.4642944,
-174.5272827,-30.87451172,I7,185.4727173,
-174.4678955,-30.7980957,I7,185.5321045,
-174.4492798,-30.75817871,I7,185.5507202,
-174.430481,-30.73309326,I7,185.569519,
-174.3997803,-30.66351318,I7,185.6002197,
-174.3494263,-30.5880127,I7,185.6505737,
-174.2666016,-30.36798096,I7,185.7333984,
-174.1661987,-30.15350342,I7,185.8338013,
-174.1641846,-30.14752197,I7,185.8358154,
-174.1572876,-30.11450195,I7,185.8427124,
-174.1434937,-30.08319092,I7,185.8565063,
-174.1286011,-30.00158691,I7,185.8713989,
-174.1002808,-29.9263916,I7,185.8997192,
-174.072876,-29.7053833,I7,185.927124,
-174.022583,-29.46209717,I7,185.977417,
-174.0238037,-29.42871094,I7,185.9761963,
-174.0177002,-29.39562988,I7,185.9822998,
-174.0230103,-29.30480957,I7,185.9769897,
-174.0142822,-29.23400879,I7,185.9857178,
-174.0379028,-29.03100586,I7,185.9620972,
-174.0473022,-28.76611328,I7,185.9526978,
-174.0565186,-28.73358154,I7,185.9434814,
-174.0584106,-28.70001221,I7,185.9415894,
-174.076416,-28.64080811,I7,185.923584,
-174.0809937,-28.62609863,I7,185.9190063,
-174.0875854,-28.60461426,I7,185.9124146,
-174.0949097,-28.5413208,I7,185.9050903,
-174.1605835,-28.36309814,I7,185.8394165,
-174.2374268,-28.08978271,I7,185.7625732,
-174.2540894,-28.05950928,I7,185.7459106,
-174.2639771,-28.02722168,I7,185.7360229,
-174.2908936,-27.980896,I7,185.7091064,
-174.2943115,-27.97027588,I7,185.7056885,
-174.3218994,-27.92480469,I7,185.6781006,
-174.3389893,-27.8782959,I7,185.6610107,
-174.4370117,-27.72888184,I7,185.5629883,
-174.5844116,-27.46270752,I7,185.4155884,
-174.6079102,-27.43621826,I7,185.3920898,
-174.6253052,-27.40631103,I7,185.3746948,
-174.6555786,-27.37359619,I7,185.3444214,
-174.6671753,-27.35449219,I7,185.3328247,
-174.7172241,-27.30218506,I7,185.2827759,
-174.7357178,-27.27398682,I7,185.2642822,
-174.8577271,-27.1550293,I7,185.1422729,
-175.0731812,-26.91229248,I7,184.9268188,
-175.1026001,-26.890625,I7,184.8973999,
-175.126709,-26.86450195,I7,184.873291,
-175.1347046,-26.85760498,I7,184.8652954,
-175.1586914,-26.84057617,I7,184.8413086,
-175.1784058,-26.81988525,I7,184.8215942,
-175.2545776,-26.7677002,I7,184.7454224,
-175.2675781,-26.75500488,I7,184.7324219,
-175.3482056,-26.70349121,I7,184.6517944,
-175.4591064,-26.62750244,I7,184.5408936,
-175.6824951,-26.46258545,I7,184.3175049,
-175.7108154,-26.44927979,I7,184.2891846,
-175.7540894,-26.4185791,I7,184.2459106,
-175.7816162,-26.40631103,I7,184.2183838,
-175.8059082,-26.38970947,I7,184.1940918,
-175.9083862,-26.3458252,I7,184.0916138,
-175.911499,-26.34381104,I7,184.088501,
-175.9299927,-26.33648682,I7,184.0700073,
-176.1365967,-26.24798584,I7,183.8634033,
-176.1710815,-26.23260498,I7,183.8289185,
-176.338501,-26.15032959,I7,183.661499,
-176.3640137,-26.14331055,I7,183.6359863,
-176.3856201,-26.13330078,I7,183.6143799,
-176.4046021,-26.128479,I7,183.5953979,
-176.4645996,-26.10168457,I7,183.5354004,
-176.4943848,-26.09460449,I7,183.5056152,
-176.5220947,-26.08282471,I7,183.4779053,
-176.6876831,-26.04620361,I7,183.3123169,
-176.6956787,-26.0446167,I7,183.3043213,
-176.8499756,-26.01068115,I7,183.1500244,
-177.1000977,-25.94238281,I7,182.8999023,
-177.1652222,-25.93701172,I7,182.8347778,
-177.2351074,-25.92059326,I7,182.7648926,
-177.2658081,-25.91912842,I7,182.7341919,
-177.2958984,-25.91247559,I7,182.7041016,
-177.3118896,-25.9105835,I7,182.6881104,
-177.4412231,-25.90631104,I7,182.5587769,
-177.4689941,-25.90118408,I7,182.5310059,
-177.5986938,-25.90118408,I7,182.4013062,
-177.6036987,-25.90100098,I7,182.3963013,
-177.8944092,-25.87707519,I7,182.1055908,
-177.9793091,-25.88568115,I7,182.0206909,
-178.0317993,-25.88317871,I7,181.9682007,
-178.0535889,-25.8861084,I7,181.9464111,
-178.1091919,-25.88439941,I7,181.8908081,
-178.2196045,-25.90118408,I7,181.7803955,
-178.2669067,-25.90118408,I7,181.7330933,
-178.3585815,-25.91809082,I7,181.6414185,
-178.3630981,-25.91809082,I7,181.6369019,
-178.4395752,-25.93231201,I7,181.5604248,
-178.6870117,-25.95739746,I7,181.3129883,
-178.7739868,-25.98291016,I7,181.2260132,
-178.8078003,-25.98669434,I7,181.1921997,
-178.8312988,-25.99371338,I7,181.1687012,
-178.8441772,-25.99578857,I7,181.1558228,
-178.9154053,-26.00500488,I7,181.0845947,
-179.0272217,-26.0413208,I7,180.9727783,
-179.1437988,-26.06292725,I7,180.8562012,
-179.4003296,-26.16259766,I7,180.5996704,
-179.6633911,-26.24810791,I7,180.3366089,
-179.7639771,-26.30389404,I7,180.2360229,
-179.8729858,-26.34619141,I7,180.1270142,
-180,-26.42669678,I7,180,
-180,-24.19355022,I7,180,
,,,,
,,,,
,,,,
,,,,
,,,,
,,,,
,,,,
,,,,
,,,,
,,,,
,,,,
,,,,
,,,,
,,,,
,,,,
,,,,
,,,,
,,,,
,,,,
,,,,
,,,,
,,,,
,,,,
,,,,
,,,,
,,,,
,,,,
,,,,
,,,,
,,,,
,,,,
,,,,
,,,,
,,,,
,,,,
,,,,
,,,,
,,,,
,,,,
,,,,
,,,,
,,,,
,,,,
,,,,
,,,,
,,,,
,,,,
,,,,
,,,,
,,,,
,,,,
,,,,
,,,,
,,,,
,,,,
,,,,
,,,,
,,,,
,,,,
,,,,
,,,,
,,,,
,,,,
,,,,
,,,,
,,,,
,,,,
,,,,
,,,,
,,,,
,,,,
,,,,
,,,,
,,,,
,,,,
,,,,
,,,,
,,,,
,,,,
,,,,
,,,,
,,,,
,,,,
,,,,
,,,,
,,,,
,,,,
,,,,
,,,,
,,,,
,,,,
,,,,
,,,,
,,,,
,,,,
,,,,
,,,,
,,,,
,,,,
,,,,
,,,,
,,,,
,,,,
,,,,
,,,,
,,,,
,,,,
,,,,
,,,,
,,,,
,,,,
,,,,
,,,,
,,,,
,,,,
,,,,
,,,,
,,,,
,,,,
,,,,
,,,,
,,,,
,,,,
,,,,
,,,,
,,,,
,,,,
,,,,
,,,,
,,,,
,,,,
,,,,
,,,,
,,,,
,,,,
,,,,
,,,,
,,,,
,,,,
,,,,
,,,,
,,,,
,,,,
,,,,
,,,,
,,,,
,,,,
,,,,
,,,,
,,,,
,,,,
,,,,
,,,,
,,,,
,,,,
,,,,
,,,,
,,,,
,,,,
,,,,
,,,,
,,,,
,,,,
,,,,
,,,,
,,,,
,,,,
,,,,
,,,,
,,,,
,,,,
,,,,
,,,,
,,,,
,,,,
,,,,
,,,,
,,,,
,,,,
,,,,
,,,,
,,,,
,,,,
,,,,
,,,,
,,,,
,,,,
,,,,
,,,,
,,,,
,,,,
,,,,
,,,,
,,,,
,,,,
,,,,
,,,,
,,,,
,,,,
,,,,
,,,,
,,,,
,,,,
,,,,
,,,,
,,,,
,,,,
,,,,
,,,,
,,,,
,,,,
,,,,
,,,,
,,,,
,,,,
,,,,
,,,,
,,,,
,,,,
,,,,
,,,,
,,,,
,,,,
,,,,
,,,,
,,,,
,,,,
,,,,
,,,,
,,,,
,,,,
,,,,
,,,,
,,,,
,,,,
,,,,
,,,,
,,,,
,,,,
,,,,
,,,,
,,,,
,,,,
,,,,
,,,,
,,,,
,,,,
,,,,
,,,,
,,,,
,,,,
,,,,
,,,,
,,,,
,,,,
,,,,
,,,,
,,,,
,,,,
,,,,
,,,,
,,,,
,,,,
,,,,
,,,,
,,,,
,,,,
,,,,
,,,,
,,,,
,,,,
,,,,
,,,,
,,,,
,,,,
,,,,
,,,,
,,,,
,,,,
,,,,
,,,,
,,,,
,,,,
,,,,
,,,,
,,,,
,,,,
,,,,
,,,,
,,,,
,,,,
,,,,
,,,,
,,,,
,,,,
,,,,
,,,,
,,,,
,,,,
,,,,
,,,,
,,,,
,,,,
,,,,
,,,,
,,,,
,,,,
,,,,
,,,,
,,,,
,,,,
,,,,
,,,,
,,,,
,,,,
,,,,
,,,,
,,,,
,,,,
,,,,
,,,,
,,,,
,,,,
,,,,
,,,,
,,,,
,,,,
,,,,
,,,,
,,,,
,,,,
,,,,
,,,,
,,,,
,,,,
,,,,
,,,,
,,,,
,,,,
,,,,
,,,,
,,,,
,,,,
,,,,
,,,,
,,,,
,,,,
,,,,
,,,,
,,,,
,,,,
,,,,
,,,,
,,,,
,,,,
,,,,
,,,,
,,,,
,,,,
,,,,
,,,,
,,,,
,,,,
,,,,
,,,,
,,,,
,,,,
,,,,
,,,,
,,,,
,,,,
,,,,
,,,,
,,,,
,,,,
,,,,
,,,,
,,,,
,,,,
,,,,
,,,,
,,,,
,,,,
,,,,
,,,,
,,,,
,,,,
,,,,
,,,,
,,,,
,,,,
,,,,
,,,,
,,,,
,,,,
,,,,
,,,,
,,,,
,,,,
,,,,
,,,,
,,,,
,,,,
,,,,
,,,,
,,,,
,,,,
,,,,
,,,,
,,,,
,,,,
,,,,
,,,,
,,,,
,,,,
,,,,
,,,,
,,,,
,,,,
,,,,
,,,,
,,,,
,,,,
,,,,
,,,,
,,,,
,,,,
,,,,
,,,,
,,,,
,,,,
,,,,
,,,,
,,,,
,,,,
,,,,
,,,,
,,,,
,,,,
,,,,
,,,,
,,,,
,,,,
,,,,
,,,,
,,,,
,,,,
,,,,
,,,,
,,,,
,,,,
,,,,
,,,,
,,,,
,,,,
,,,,
,,,,
,,,,
,,,,
,,,,
,,,,
,,,,
,,,,
,,,,
,,,,
,,,,
,,,,
,,,,
,,,,
,,,,
,,,,
,,,,
,,,,
,,,,
,,,,
,,,,
,,,,
,,,,
,,,,
,,,,
,,,,
,,,,
,,,,
,,,,
,,,,
,,,,
,,,,
,,,,
,,,,
,,,,
,,,,
,,,,
,,,,
,,,,
,,,,
,,,,
,,,,
,,,,
,,,,
,,,,
,,,,
,,,,
,,,,
,,,,
,,,,
,,,,
,,,,
,,,,
,,,,
,,,,
,,,,
,,,,
,,,,
,,,,
,,,,
,,,,
,,,,
,,,,
,,,,
,,,,
,,,,
,,,,
,,,,
,,,,
,,,,
,,,,
,,,,
,,,,
,,,,
,,,,
,,,,
,,,,
,,,,
,,,,
,,,,
,,,,
,,,,
,,,,
,,,,
,,,,
,,,,
,,,,
,,,,
,,,,
,,,,
,,,,
,,,,
,,,,
,,,,
,,,,
,,,,
,,,,
,,,,
,,,,
,,,,
,,,,
,,,,
,,,,
,,,,
,,,,
,,,,
,,,,
,,,,
,,,,
,,,,
,,,,
,,,,
,,,,
,,,,
,,,,
,,,,
,,,,
,,,,
,,,,
,,,,
,,,,
,,,,
,,,,
,,,,
,,,,
,,,,
,,,,
,,,,
,,,,
,,,,
,,,,
,,,,
,,,,
,,,,
,,,,
,,,,
,,,,
,,,,
,,,,
,,,,
,,,,
,,,,
,,,,
,,,,
,,,,
,,,,
,,,,
,,,,
,,,,
,,,,
,,,,
,,,,
,,,,
,,,,
,,,,
,,,,
,,,,
,,,,
,,,,
,,,,
,,,,
,,,,
,,,,
,,,,
,,,,
,,,,
,,,,
,,,,
,,,,
,,,,
,,,,
,,,,
,,,,
,,,,
,,,,
,,,,
,,,,
,,,,
,,,,
,,,,
,,,,
,,,,
,,,,
,,,,
,,,,
,,,,
,,,,
,,,,
,,,,
,,,,
,,,,
,,,,
,,,,
,,,,
,,,,
,,,,
,,,,
,,,,
,,,,
,,,,
,,,,
,,,,
,,,,
,,,,
,,,,
,,,,
,,,,
,,,,
,,,,
,,,,
,,,,
,,,,
,,,,
,,,,
,,,,
,,,,
,,,,
,,,,
,,,,
,,,,
,,,,
,,,,
,,,,
,,,,
,,,,
,,,,
,,,,
,,,,
,,,,
,,,,
,,,,
,,,,
,,,,
,,,,
,,,,
,,,,
,,,,
,,,,
,,,,
,,,,
,,,,
,,,,
,,,,
,,,,
,,,,
,,,,
,,,,
,,,,
,,,,
,,,,
,,,,
,,,,
,,,,
,,,,
,,,,
,,,,
,,,,
,,,,
,,,,
,,,,
,,,,
,,,,
,,,,
,,,,
,,,,
,,,,
,,,,
,,,,
,,,,
,,,,
,,,,
,,,,
,,,,
,,,,
,,,,
,,,,
,,,,
,,,,
,,,,
,,,,
,,,,
,,,,
,,,,
,,,,
,,,,
,,,,
,,,,
,,,,
,,,,
,,,,
,,,,
,,,,
,,,,
,,,,
,,,,
,,,,
,,,,
,,,,
,,,,
,,,,
,,,,
,,,,
,,,,
,,,,
,,,,
,,,,
,,,,
,,,,
,,,,
,,,,
,,,,
,,,,
,,,,
,,,,
,,,,
,,,,
,,,,
,,,,
,,,,
,,,,
,,,,
,,,,
,,,,
,,,,
,,,,
,,,,
,,,,
,,,,
,,,,
,,,,
,,,,
,,,,
,,,,
,,,,
,,,,
,,,,
,,,,
,,,,
,,,,
,,,,
,,,,
,,,,
,,,,
,,,,
,,,,
,,,,
,,,,
,,,,
,,,,
,,,,
,,,,
,,,,
,,,,
,,,,
,,,,
,,,,
,,,,
,,,,
,,,,
,,,,
,,,,
,,,,
,,,,
,,,,
,,,,
,,,,
,,,,
,,,,
,,,,
,,,,
,,,,
,,,,
,,,,
,,,,
,,,,
,,,,
,,,,
,,,,
,,,,
,,,,
,,,,
,,,,
,,,,
,,,,
,,,,
,,,,
,,,,
,,,,
,,,,
,,,,
,,,,
,,,,
,,,,
,,,,
,,,,
,,,,
,,,,
,,,,
,,,,
,,,,
,,,,
,,,,
,,,,
,,,,
,,,,
,,,,
,,,,
,,,,
,,,,
,,,,
,,,,
,,,,
,,,,
,,,,
,,,,
,,,,
,,,,
,,,,
,,,,
,,,,
,,,,
,,,,
,,,,
,,,,
,,,,
,,,,
,,,,
,,,,
,,,,
,,,,
,,,,
,,,,
,,,,
,,,,
,,,,
,,,,
,,,,
,,,,
,,,,
,,,,
,,,,
,,,,
,,,,
,,,,
,,,,
,,,,
,,,,
,,,,
,,,,
,,,,
,,,,
,,,,
,,,,
,,,,
,,,,
,,,,
,,,,
,,,,
,,,,
,,,,
,,,,
,,,,
,,,,
,,,,
,,,,
,,,,
,,,,
,,,,
,,,,
,,,,
,,,,
,,,,
,,,,
,,,,
,,,,
,,,,
,,,,
,,,,
,,,,
,,,,
,,,,
,,,,
,,,,
,,,,
,,,,
,,,,
,,,,
,,,,
,,,,
,,,,
,,,,
,,,,
,,,,
,,,,
,,,,
,,,,
,,,,
,,,,
,,,,
,,,,
,,,,
,,,,
,,,,
,,,,
,,,,
,,,,
,,,,
,,,,
,,,,
,,,,
,,,,
,,,,
,,,,
,,,,
,,,,
,,,,
,,,,
,,,,
,,,,
,,,,
,,,,
,,,,
,,,,
,,,,
,,,,
,,,,
,,,,
,,,,
,,,,
,,,,
,,,,
,,,,
,,,,
,,,,
,,,,
,,,,
,,,,
,,,,
,,,,
,,,,
,,,,
,,,,
,,,,
,,,,
,,,,
,,,,
,,,,
,,,,
,,,,
,,,,
,,,,
,,,,
,,,,
,,,,
,,,,
,,,,
,,,,
,,,,
,,,,
,,,,
,,,,
,,,,
,,,,
,,,,
,,,,
,,,,
,,,,
,,,,
,,,,
,,,,
,,,,
,,,,
,,,,
,,,,
,,,,
,,,,
,,,,
,,,,
,,,,
,,,,
,,,,
,,,,
,,,,
,,,,
,,,,
,,,,
,,,,
,,,,
,,,,
,,,,
,,,,
,,,,
,,,,
,,,,
,,,,
,,,,
,,,,
,,,,
,,,,
,,,,
,,,,
,,,,
,,,,
,,,,
,,,,
,,,,
,,,,
,,,,
,,,,
,,,,
,,,,
,,,,
,,,,
,,,,
,,,,
,,,,
,,,,
,,,,
,,,,
,,,,
,,,,
,,,,
,,,,
,,,,
,,,,
,,,,
,,,,
,,,,
,,,,
,,,,
,,,,
,,,,
,,,,
,,,,
,,,,
,,,,
,,,,
,,,,
,,,,
,,,,
,,,,
,,,,
,,,,
,,,,
,,,,
,,,,
,,,,
,,,,
,,,,
,,,,
,,,,
,,,,
,,,,
,,,,
,,,,
,,,,
,,,,
,,,,
,,,,
,,,,
,,,,
,,,,
,,,,
,,,,
,,,,
,,,,
,,,,
,,,,
,,,,
,,,,
,,,,
,,,,
,,,,
,,,,
,,,,
,,,,
,,,,
,,,,
,,,,
,,,,
,,,,
,,,,
,,,,
,,,,
,,,,
,,,,
,,,,
,,,,
,,,,
,,,,
,,,,
,,,,
,,,,
,,,,
,,,,
,,,,
,,,,
,,,,
,,,,
,,,,
,,,,
,,,,
,,,,
,,,,
,,,,
,,,,
,,,,
,,,,
,,,,
,,,,
,,,,
,,,,
,,,,
,,,,
,,,,
,,,,
,,,,
,,,,
,,,,
,,,,
,,,,
,,,,
,,,,
,,,,
,,,,
,,,,
,,,,
,,,,
,,,,
,,,,
,,,,
,,,,
,,,,
,,,,
,,,,
,,,,
,,,,
,,,,
,,,,
,,,,
,,,,
,,,,
,,,,
,,,,
,,,,
,,,,
,,,,
,,,,
,,,,
,,,,
,,,,
,,,,
,,,,
,,,,
,,,,
,,,,
,,,,
,,,,
,,,,
,,,,
,,,,
,,,,
,,,,
,,,,
,,,,
,,,,
,,,,
,,,,
,,,,
,,,,
,,,,
,,,,
,,,,
,,,,
,,,,
,,,,
,,,,
,,,,
,,,,
,,,,
,,,,
,,,,
,,,,
,,,,
,,,,
,,,,
,,,,
,,,,
,,,,
,,,,
,,,,
,,,,
,,,,
,,,,
,,,,
,,,,
,,,,
,,,,
,,,,
,,,,
,,,,
,,,,
,,,,
,,,,
,,,,
,,,,
,,,,
,,,,
,,,,
,,,,
,,,,
,,,,
,,,,
,,,,
,,,,
,,,,
,,,,
,,,,
,,,,
,,,,
,,,,
,,,,
,,,,
,,,,
,,,,
,,,,
,,,,
,,,,
,,,,
,,,,
,,,,
,,,,
,,,,
,,,,
,,,,
,,,,
,,,,
,,,,
,,,,
,,,,
,,,,
,,,,
,,,,
,,,,
,,,,
,,,,
,,,,
,,,,
,,,,
,,,,
,,,,
,,,,
,,,,
,,,,
,,,,
,,,,
,,,,
,,,,
,,,,
,,,,
,,,,
,,,,
,,,,
,,,,
,,,,
,,,,
,,,,
,,,,
,,,,
,,,,
,,,,
,,,,
,,,,
,,,,
,,,,
,,,,
,,,,
,,,,
,,,,
,,,,
,,,,
,,,,
,,,,
,,,,
,,,,
,,,,
,,,,
,,,,
,,,,
,,,,
,,,,
,,,,
,,,,
,,,,
,,,,
,,,,
,,,,
,,,,
,,,,
,,,,
,,,,
,,,,
,,,,
,,,,
,,,,
,,,,
,,,,
,,,,
,,,,
,,,,
,,,,
,,,,
,,,,
,,,,
,,,,
,,,,
,,,,
,,,,
,,,,
,,,,
,,,,
,,,,
,,,,
,,,,
,,,,
,,,,
,,,,
,,,,
,,,,
,,,,
,,,,
,,,,
,,,,
,,,,
,,,,
,,,,
,,,,
,,,,
,,,,
,,,,
,,,,
,,,,
,,,,
,,,,
,,,,
,,,,
,,,,
,,,,
,,,,
,,,,
,,,,
,,,,
,,,,
,,,,
,,,,
,,,,
,,,,
,,,,
,,,,
,,,,
,,,,
,,,,
,,,,
,,,,
,,,,
,,,,
,,,,
,,,,
,,,,
,,,,
,,,,
,,,,
,,,,
,,,,
,,,,
,,,,
,,,,
,,,,
,,,,
,,,,
,,,,
,,,,
,,,,
,,,,
,,,,
,,,,
,,,,
,,,,
,,,,
,,,,
,,,,
,,,,
,,,,
,,,,
,,,,
,,,,
,,,,
,,,,
,,,,
,,,,
,,,,
,,,,
,,,,
,,,,
,,,,
,,,,
,,,,
,,,,
,,,,
,,,,
,,,,
,,,,
,,,,
,,,,
,,,,
,,,,
,,,,
,,,,
,,,,
,,,,
,,,,
,,,,
,,,,
,,,,
,,,,
,,,,
,,,,
,,,,
,,,,
,,,,
,,,,
,,,,
,,,,
,,,,
,,,,
,,,,
,,,,
,,,,
,,,,
,,,,
,,,,
,,,,
,,,,
,,,,
,,,,
,,,,
,,,,
,,,,
,,,,
,,,,
,,,,
,,,,
,,,,
,,,,
,,,,
,,,,
,,,,
,,,,
,,,,
,,,,
,,,,
,,,,
,,,,
,,,,
,,,,
,,,,
,,,,
,,,,
,,,,
,,,,
,,,,
,,,,
,,,,
,,,,
,,,,
,,,,
,,,,
,,,,
,,,,
,,,,
,,,,
,,,,
,,,,
,,,,
,,,,
,,,,
,,,,
,,,,
,,,,
,,,,
,,,,
,,,,
,,,,
,,,,
,,,,
,,,,
,,,,
,,,,
,,,,
,,,,
,,,,
,,,,
,,,,
,,,,
,,,,
,,,,
,,,,
,,,,
,,,,
,,,,
,,,,
,,,,
,,,,
,,,,
,,,,
,,,,
,,,,
,,,,
,,,,
,,,,
,,,,
,,,,
,,,,
,,,,
,,,,
,,,,
,,,,
,,,,
,,,,
,,,,
,,,,
,,,,
,,,,
,,,,
,,,,
,,,,
,,,,
,,,,
,,,,
,,,,
,,,,
,,,,
,,,,
,,,,
,,,,
,,,,
,,,,
,,,,
,,,,
,,,,
,,,,
,,,,
,,,,
,,,,
,,,,
,,,,
,,,,
,,,,
,,,,
,,,,
,,,,
,,,,
,,,,
,,,,
,,,,
,,,,
,,,,
,,,,
,,,,
,,,,
,,,,
,,,,
,,,,
,,,,
,,,,
,,,,
,,,,
,,,,
,,,,
,,,,
,,,,
,,,,
,,,,
,,,,
,,,,
,,,,
,,,,
,,,,
,,,,
,,,,
,,,,
,,,,
,,,,
,,,,
,,,,
,,,,
,,,,
,,,,
,,,,
,,,,
,,,,
,,,,
,,,,
,,,,
,,,,
,,,,
,,,,
,,,,
,,,,
,,,,
,,,,
,,,,
,,,,
,,,,
,,,,
,,,,
,,,,
,,,,
,,,,
,,,,
,,,,
,,,,
,,,,
,,,,
,,,,
,,,,
,,,,
,,,,
,,,,
,,,,
,,,,
,,,,
,,,,
,,,,
,,,,
,,,,
,,,,
,,,,
,,,,
,,,,
,,,,
,,,,
,,,,
,,,,
,,,,
,,,,
,,,,
,,,,
,,,,
,,,,
,,,,
,,,,
,,,,
,,,,
,,,,
,,,,
,,,,
,,,,
,,,,
,,,,
,,,,
,,,,
,,,,
,,,,
,,,,
,,,,
,,,,
,,,,
,,,,
,,,,
,,,,
,,,,
,,,,
,,,,
,,,,
,,,,
,,,,
,,,,
,,,,
,,,,
,,,,
,,,,
,,,,
,,,,
,,,,
,,,,
,,,,
,,,,
,,,,
,,,,
,,,,
,,,,
,,,,
,,,,
,,,,
,,,,
,,,,
,,,,
,,,,
,,,,
,,,,
,,,,
,,,,
,,,,
,,,,
,,,,
,,,,
,,,,
,,,,
,,,,
,,,,
,,,,
,,,,
,,,,
,,,,
,,,,
,,,,
,,,,
,,,,
,,,,
,,,,
,,,,
,,,,
,,,,
,,,,
,,,,
,,,,
,,,,
,,,,
,,,,
,,,,
,,,,
,,,,
,,,,
,,,,
,,,,
,,,,
,,,,
,,,,
,,,,
,,,,
,,,,
,,,,
,,,,
,,,,
,,,,
,,,,
,,,,
,,,,
,,,,
,,,,
,,,,
,,,,
,,,,
,,,,
,,,,
,,,,
,,,,
,,,,
,,,,
,,,,
,,,,
,,,,
,,,,
,,,,
,,,,
,,,,
,,,,
,,,,
,,,,
,,,,
,,,,
,,,,
,,,,
,,,,
,,,,
,,,,
,,,,
,,,,
,,,,
,,,,
,,,,
,,,,
,,,,
,,,,
,,,,
,,,,
,,,,
,,,,
,,,,
,,,,
,,,,
,,,,
,,,,
,,,,
,,,,
,,,,
,,,,
,,,,
,,,,
,,,,
,,,,
,,,,
,,,,
,,,,
,,,,
,,,,
,,,,
,,,,
,,,,
,,,,
,,,,
,,,,
,,,,
,,,,
,,,,
,,,,
,,,,
,,,,
,,,,
,,,,
,,,,
,,,,
,,,,
,,,,
,,,,
,,,,
,,,,
,,,,
,,,,
,,,,
,,,,
,,,,
,,,,
,,,,
,,,,
,,,,
,,,,
,,,,
,,,,
,,,,
,,,,
,,,,
,,,,
,,,,
,,,,
,,,,
,,,,
,,,,
,,,,
,,,,
,,,,
,,,,
,,,,
,,,,
,,,,
,,,,
,,,,
,,,,
,,,,
,,,,
,,,,
,,,,
,,,,
,,,,
,,,,
,,,,
,,,,
,,,,
,,,,
,,,,
,,,,
,,,,
,,,,
,,,,
,,,,
,,,,
,,,,
,,,,
,,,,
,,,,
,,,,
,,,,
,,,,
,,,,
,,,,
,,,,
,,,,
,,,,
,,,,
,,,,
,,,,
,,,,
,,,,
,,,,
,,,,
,,,,
,,,,
,,,,
,,,,
,,,,
,,,,
,,,,
,,,,
,,,,
,,,,
,,,,
,,,,
,,,,
,,,,
,,,,
,,,,
,,,,
,,,,
,,,,
,,,,
,,,,
,,,,
,,,,
,,,,
,,,,
,,,,
,,,,
,,,,
,,,,
,,,,
,,,,
,,,,
,,,,
,,,,
,,,,
,,,,
,,,,
,,,,
,,,,
,,,,
,,,,
,,,,
,,,,
,,,,
,,,,
,,,,
,,,,
,,,,
,,,,
,,,,
,,,,
,,,,
,,,,
,,,,
,,,,
,,,,
,,,,
,,,,
,,,,
,,,,
,,,,
,,,,
,,,,
,,,,
,,,,
,,,,
,,,,
,,,,
,,,,
,,,,
,,,,
,,,,
,,,,
,,,,
,,,,
,,,,
,,,,
,,,,
,,,,
,,,,
,,,,
,,,,
,,,,
,,,,
,,,,
,,,,
,,,,
,,,,
,,,,
,,,,
,,,,
,,,,
,,,,
,,,,
,,,,
,,,,
,,,,
,,,,
,,,,
,,,,
,,,,
,,,,
,,,,
,,,,
,,,,
,,,,
,,,,
,,,,
,,,,
,,,,
,,,,
,,,,
,,,,
,,,,
,,,,
,,,,
,,,,
,,,,
,,,,
,,,,
,,,,
,,,,
,,,,
,,,,
,,,,
,,,,
,,,,
,,,,
,,,,
,,,,
,,,,
,,,,
,,,,
,,,,
,,,,
,,,,
,,,,
,,,,
,,,,
,,,,
,,,,
,,,,
,,,,
,,,,
,,,,
,,,,
,,,,
,,,,
,,,,
,,,,
,,,,
,,,,
,,,,
,,,,
,,,,
,,,,
,,,,
,,,,
,,,,
,,,,
,,,,
,,,,
,,,,
,,,,
,,,,
,,,,
,,,,
,,,,
,,,,
,,,,
,,,,
,,,,
,,,,
,,,,
,,,,
,,,,
,,,,
,,,,
