"","eez","Dist"
"1","Hawaii",24141.3764123699
"2","Johnston Atoll",184733.938130892
"3","French Polynesia",133618.773510511
"4","Hawaii",272751.005894807
"5","Line Group",325128.693969949
"6","Marshall Islands",94767.647622835
"7","Line Group",282787.962187065
"8","French Polynesia",168723.165266543
"9","Jarvis Island",175130.271659473
"10","Howland and Baker islands",503326.172633348
"11","Jarvis Island",52624.3285684161
"12","Jarvis Island",163862.017991822
"13","Johnston Atoll",192916.371294507
"14","Line Group",29242.1284345456
"15","Indonesia",141866.672497219
"16","French Polynesia",267165.768389199
"17","Nauru",4396.48628286968
"18","Palmyra Atoll",366815.345199425
"19","Marshall Islands",687326.352225889
"20","Johnston Atoll",178482.036874868
"21","Palmyra Atoll",127515.080105165
"22","Howland and Baker islands",335820.411214407
"23","Northern Mariana Islands",81538.7024922608
"24","Micronesia",115053.165626273
"25","Palmyra Atoll",171133.12598333
"26","Gilbert Islands",28922.4213703804
"27","Marshall Islands",277225.46315755
"28","Howland and Baker islands",231853.092212936
"29","Northern Mariana Islands",552694.759709576
"30","Marshall Islands",635651.473545454
"31","Palmyra Atoll",240666.369469235
"32","Northern Mariana Islands",288377.371516586
"33","French Polynesia",442735.731531931
"34","Northern Mariana Islands",628405.705465464
"35","Hawaii",391679.874000328
"36","Johnston Atoll",331620.210384393
"37","French Polynesia",183227.738930825
"38","Philippines",119578.885990621
"39","Papua New Guinea",65660.9813140028
"40","Wake Island",15747.1685882156
"41","Micronesia",610.285313557108
"42","Northern Mariana Islands",517481.620204746
"43","Wake Island",286418.667394293
"44","Palmyra Atoll",555503.420105423
"45","Hawaii",464884.076476115
"46","Line Group",73015.7637901609
"47","French Polynesia",174195.616508186
"48","Phoenix Group",96038.9557510192
"49","Palmyra Atoll",226648.924981093
"50","French Polynesia",121229.907603123
"51","Papua New Guinea",30546.1619310483
"52","Johnston Atoll",261301.054059838
"53","Marshall Islands",250427.696763226
"54","French Polynesia",67734.1545485874
"55","Marshall Islands",518340.707007905
"56","Johnston Atoll",585945.941075831
"57","Johnston Atoll",466014.805726319
"58","Vanuatu",33482.3645658618
"59","Micronesia",152267.116845797
"60","Palmyra Atoll",163457.742701739
"61","Tokelau",12725.5123182501
"62","Marshall Islands",357646.234373584
"63","Marshall Islands",552154.81657525
"64","Papua New Guinea",32933.203482906
"65","Palmyra Atoll",385659.807410124
"66","Marshall Islands",68988.2822646743
"67","Phoenix Group",95692.8514371133
"68","Japan",79259.169995682
"69","Micronesia",320435.316194267
"70","Micronesia",11259.8299142655
"71","Tuvalu",32694.1615338926
"72","Jarvis Island",239834.964708282
"73","Hawaii",576551.864858683
"74","Marshall Islands",167486.677834521
"75","Gilbert Islands",131157.412736776
"76","French Polynesia",100503.619281165
"77","Howland and Baker islands",135697.392786289
"78","Line Group",282229.039133165
"79","Hawaii",465501.301173483
"80","French Polynesia",8379.8105653705
"81","Marshall Islands",52078.602580616
"82","Hawaii",192606.104994277
"83","Johnston Atoll",348679.011019498
"84","Johnston Atoll",374672.655813949
"85","Hawaii",324634.808934119
"86","Hawaii",440166.149674074
"87","Micronesia",72859.549978568
"88","Marshall Islands",384092.230051477
"89","Marshall Islands",173308.52027772
"90","Howland and Baker islands",195705.66737736
"91","Marshall Islands",365896.711595911
"92","Marshall Islands",54972.3292189869
"93","Palmyra Atoll",169843.271787163
"94","Marshall Islands",246236.680919966
"95","Johnston Atoll",436835.077131698
"96","Line Group",549289.042065013
"97","Tuvalu",74966.767184925
"98","Line Group",146218.202977209
"99","Northern Mariana Islands",273799.557805796
"100","Micronesia",183411.36602862
"101","Micronesia",133611.281923395
"102","Johnston Atoll",341768.546781349
"103","Johnston Atoll",220467.722903916
"104","Northern Mariana Islands",46261.9487544471
"105","Palmyra Atoll",230445.843957661
"106","Jarvis Island",101595.706488535
"107","French Polynesia",104360.21005818
"108","Japan",177164.237986934
"109","Japan",294340.307021025
"110","French Polynesia",185582.940084231
"111","Johnston Atoll",86843.0757598833
"112","Gilbert Islands",86868.3619163295
"113","Palmyra Atoll",90567.6215723529
"114","Line Group",105463.556396943
"115","Howland and Baker islands",364271.721233001
"116","Johnston Atoll",338271.955780771
"117","French Polynesia",346240.744105774
"118","Marshall Islands",717252.301325862
"119","Palmyra Atoll",43886.154062217
"120","Phoenix Group",65245.8413322005
"121","Hawaii",22404.3353706793
"122","French Polynesia",302162.336132989
"123","Palmyra Atoll",233183.424848604
"124","Hawaii",414659.419471605
"125","French Polynesia",250416.35766075
"126","Line Group",493472.767985632
"127","Howland and Baker islands",321202.624426743
"128","Japan",53585.2255561381
"129","Micronesia",64505.4061550903
"130","Northern Mariana Islands",81068.6396422627
"131","Philippines",272529.004026013
"132","Johnston Atoll",190606.45892632
"133","Papua New Guinea",44388.1770202035
"134","Palau",15072.1756289559
"135","Line Group",257380.775199751
"136","Papua New Guinea",10754.3730031752
"137","Johnston Atoll",572955.960901085
"138","Jarvis Island",15513.8472453368
"139","Johnston Atoll",406996.348494768
"140","Line Group",213518.350450884
"141","Howland and Baker islands",299312.394796983
"142","Johnston Atoll",414529.11959501
"143","Howland and Baker islands",203550.006780254
"144","Howland and Baker islands",40563.2940192948
"145","Micronesia",367427.002457282
"146","Wake Island",659840.65115239
"147","Northern Mariana Islands",399110.826219117
"148","Hawaii",201373.625705604
"149","Line Group",454025.234473509
"150","French Polynesia",583754.993833303
"151","Gilbert Islands",4916.6523943737
"152","Line Group",23110.7453061597
"153","Marshall Islands",16189.7159412092
"154","French Polynesia",321223.887731723
"155","Johnston Atoll",439233.10388823
"156","Palmyra Atoll",244898.186077959
"157","Cook Islands",64652.6554395744
"158","Howland and Baker islands",79648.3351938296
"159","Marshall Islands",205697.710095059
"160","Johnston Atoll",593639.450956031
"161","Howland and Baker islands",66258.4289909184
"162","Phoenix Group",115375.939594031
"163","Micronesia",33581.3431375241
"164","Hawaii",537236.545069243
"165","Micronesia",144769.842358798
"166","Line Group",214754.217668112
"167","Gilbert Islands",7634.40080775935
"168","Jarvis Island",225464.425494204
"169","Micronesia",134253.008146515
"170","Cook Islands",62145.4924412317
"171","Marshall Islands",146096.213318249
"172","Marshall Islands",341946.493089268
"173","Tuvalu",2935.8036388028
"174","Johnston Atoll",308859.535652723
"175","Solomon Islands",9218.63376108096
"176","Cook Islands",317546.070935279
"177","Jarvis Island",138377.867023149
"178","Northern Mariana Islands",219799.848405061
"179","Hawaii",202741.512922071
"180","Hawaii",442417.250681737
"181","Line Group",42944.2343560359
"182","Johnston Atoll",285462.348134363
"183","French Polynesia",292441.131657539
"184","Philippines",78905.3706846256
"185","Japan",46574.15837852
"186","Howland and Baker islands",115151.77173229
"187","Line Group",2165.81668301059
"188","Palmyra Atoll",128189.795180995
"189","Solomon Islands",16981.7622596275
"190","Line Group",27230.5239336639
"191","Johnston Atoll",595883.826219778
"192","Howland and Baker islands",368754.172686328
"193","Hawaii",46550.7147403102
"194","Johnston Atoll",234901.916851361
"195","Marshall Islands",575834.23904751
"196","Hawaii",145300.922717777
"197","Philippines",347261.407054593
"198","Solomon Islands",142460.520541728
"199","Johnston Atoll",581383.978400568
"200","Line Group",210230.916523226
"201","Micronesia",164748.599429158
"202","French Polynesia",76145.9833071704
"203","Wake Island",168974.126285409
"204","Phoenix Group",16480.1573386148
"205","Palmyra Atoll",196971.039779417
"206","Line Group",262905.859058853
"207","Line Group",85887.0287440718
"208","Micronesia",82365.6006223871
"209","Philippines",145414.756165644
"210","Howland and Baker islands",72180.0929978461
"211","Japan",82363.033498126
"212","Jarvis Island",53380.3041560254
"213","Hawaii",410400.710336615
"214","Line Group",105529.91881549
"215","Palmyra Atoll",356704.389691344
"216","Johnston Atoll",264420.382936643
"217","Johnston Atoll",244534.013267059
"218","Japan",199023.523332178
"219","Hawaii",452583.776775727
"220","Line Group",350055.001052231
"221","Johnston Atoll",438261.228746572
"222","Wake Island",163868.726633296
"223","Marshall Islands",162413.598173051
"224","Palmyra Atoll",556503.206796732
"225","French Polynesia",272516.764859925
"226","French Polynesia",529256.99731759
"227","Papua New Guinea",171000.802825433
"228","Hawaii",80129.9976024309
"229","Marshall Islands",481684.976255598
"230","Palmyra Atoll",115915.219741733
"231","Johnston Atoll",238657.14021358
"232","Hawaii",9801.82693722803
"233","Micronesia",13205.3424434491
"234","Palmyra Atoll",232799.215082447
"235","Japan",284977.052721898
"236","Jarvis Island",42709.6421320112
"237","Marshall Islands",283842.711649724
"238","Wake Island",6582.38376440909
"239","Japan",40960.9622025547
"240","French Polynesia",157154.938719131
"241","Micronesia",33389.089651668
"242","Hawaii",279963.672826106
"243","French Polynesia",221240.312813917
"244","Johnston Atoll",426752.771499565
"245","Marshall Islands",134791.654635625
"246","Line Group",63132.1517012367
"247","Phoenix Group",315578.803235058
"248","Micronesia",533974.346616197
"249","Howland and Baker islands",246893.847957235
"250","Tuvalu",4462.89571270001
"251","Micronesia",391946.469480773
"252","Marshall Islands",169719.025101899
"253","Palmyra Atoll",440424.336761347
"254","Johnston Atoll",575629.898248946
"255","Line Group",55719.7790080851
"256","Line Group",144912.328604395
"257","Micronesia",15339.2695017757
"258","Howland and Baker islands",436874.36869686
"259","Palmyra Atoll",226848.589275966
"260","Marshall Islands",316221.023580088
"261","Micronesia",43997.028393215
"262","French Polynesia",165044.338316795
"263","Johnston Atoll",561541.174198916
"264","Philippines",34182.0161536901
"265","Marshall Islands",442371.668963818
"266","French Polynesia",296219.695990251
"267","Japan",255380.011965916
"268","Palmyra Atoll",211596.797994658
"269","Northern Mariana Islands",324332.605306771
"270","Papua New Guinea",48189.6552692458
"271","Cook Islands",1047.53792742353
"272","Hawaii",3721.92710227999
"273","Palmyra Atoll",241800.79933519
"274","Marshall Islands",363219.540317835
"275","Vanuatu",1601.46374470523
"276","Line Group",18596.6497575908
"277","Howland and Baker islands",20602.6066605199
"278","Palmyra Atoll",1000.77494654447
"279","Johnston Atoll",173984.858953672
"280","Japan",163057.825249732
"281","French Polynesia",351150.967599979
"282","Palmyra Atoll",63107.3348460485
"283","Johnston Atoll",392312.499456966
"284","Cook Islands",20270.7276940558
"285","Line Group",627929.610659428
"286","Nauru",62539.7949340899
"287","Cook Islands",98804.992427322
"288","Marshall Islands",129868.949812123
"289","Hawaii",210758.780296394
"290","Northern Mariana Islands",101150.156092088
"291","Hawaii",204070.018551124
"292","Japan",272760.712554219
"293","Palmyra Atoll",219713.888841013
"294","Palmyra Atoll",545685.857134933
"295","Johnston Atoll",19329.786806263
"296","French Polynesia",54307.7083971598
"297","Phoenix Group",367985.030903157
"298","Johnston Atoll",548924.820100871
"299","Marshall Islands",249938.487529617
"300","Howland and Baker islands",681255.128176994
"301","Marshall Islands",31618.1497792825
"302","Line Group",562335.615765938
"303","Marshall Islands",366853.102669559
"304","Papua New Guinea",18052.4583311608
"305","Phoenix Group",100123.75781804
"306","Marshall Islands",628827.301407118
"307","Hawaii",13480.4490298962
"308","Northern Mariana Islands",15457.6661574603
"309","Marshall Islands",189346.989718803
"310","Palmyra Atoll",126919.043776531
"311","Hawaii",40108.4877305067
"312","Howland and Baker islands",5792.02684584585
"313","Marshall Islands",465348.403782911
"314","Marshall Islands",173756.682252635
"315","French Polynesia",70259.2403023037
"316","Marshall Islands",246584.91367983
"317","Micronesia",179684.731624957
"318","Gilbert Islands",88005.3984769677
"319","Howland and Baker islands",431325.252004971
"320","Marshall Islands",253323.851579246
"321","Howland and Baker islands",400635.156446275
"322","Micronesia",194625.683650168
"323","Palau",35197.8848550576
"324","Palau",99099.3536682505
"325","Marshall Islands",70621.8565605026
"326","Howland and Baker islands",121714.389445087
"327","Palmyra Atoll",394259.233388682
"328","Micronesia",89970.4375491415
"329","Johnston Atoll",33853.1664995791
"330","Hawaii",318422.884273598
"331","Micronesia",181833.834996137
"332","Hawaii",233956.605832706
"333","Philippines",191055.670134235
"334","Indonesia",148072.037891089
"335","Philippines",236457.392369207
"336","Marshall Islands",233398.25640469
"337","Hawaii",53910.2067495192
"338","Gilbert Islands",366884.230861935
"339","Northern Mariana Islands",156207.546898998
"340","Palmyra Atoll",85489.8538146569
"341","Johnston Atoll",276891.766129105
"342","Philippines",103826.851597672
"343","French Polynesia",235167.210306416
"344","Howland and Baker islands",46177.8717695265
"345","Marshall Islands",53757.5788125198
"346","French Polynesia",81483.7902879799
"347","Micronesia",246139.073157162
"348","Hawaii",338719.878948858
"349","Marshall Islands",225970.831984567
"350","Line Group",107198.12355406
"351","Line Group",341124.707320791
"352","Line Group",648505.097178652
"353","Marshall Islands",192482.161313252
"354","Marshall Islands",283858.003462426
"355","Indonesia",32495.4929525508
"356","Phoenix Group",326600.276598753
"357","Line Group",124052.061604307
"358","Japan",167990.506311621
"359","Line Group",50638.2061211715
"360","Line Group",76082.8261984991
"361","Phoenix Group",48561.471408771
"362","Tuvalu",6642.61779313718
"363","Palmyra Atoll",101529.821597136
"364","Johnston Atoll",3587.07333932883
"365","Micronesia",249901.453691957
"366","French Polynesia",644618.469912514
"367","Jarvis Island",78815.918863974
"368","Northern Mariana Islands",395295.076978707
"369","French Polynesia",245276.826727243
"370","Palmyra Atoll",121048.959294139
"371","Hawaii",299759.439015969
"372","Phoenix Group",121328.840361303
"373","Phoenix Group",157631.454598199
"374","Hawaii",433303.865090332
"375","Gilbert Islands",69947.7768607233
"376","Howland and Baker islands",407089.702654772
"377","Johnston Atoll",161928.167615696
"378","Phoenix Group",19700.5787637517
"379","French Polynesia",9507.83954452527
"380","Palmyra Atoll",62071.3683790616
"381","Marshall Islands",262013.697656099
"382","Palmyra Atoll",480322.041330398
"383","Palmyra Atoll",110730.65460036
"384","Hawaii",347504.643831717
"385","Marshall Islands",290550.769072372
"386","Hawaii",258835.958739193
"387","Line Group",19070.2110888029
"388","French Polynesia",581873.251367609
"389","Line Group",20966.0542003727
"390","Marshall Islands",393843.554450308
"391","French Polynesia",170461.364814839
"392","Phoenix Group",157224.749780507
"393","French Polynesia",315153.15141499
"394","Johnston Atoll",285015.214657523
"395","Johnston Atoll",581693.718213902
"396","Marshall Islands",585558.907772214
"397","Hawaii",200220.637821486
"398","Marshall Islands",614995.908291852
"399","Johnston Atoll",205191.480110654
"400","Johnston Atoll",725552.931515741
"401","French Polynesia",226132.805529825
"402","Marshall Islands",156140.134172906
"403","Phoenix Group",102809.944737902
"404","Gilbert Islands",177911.582667683
"405","Johnston Atoll",486557.3341444
"406","Guam",126486.435642637
"407","Palau",157613.724907421
"408","Johnston Atoll",121956.576964471
"409","French Polynesia",16902.1740625542
"410","Tuvalu",85005.092685553
"411","Nauru",6831.79885420169
"412","Nauru",27988.1052113267
"413","Micronesia",94587.1200019327
"414","Howland and Baker islands",286732.211180499
"415","Philippines",10746.0385436848
"416","Johnston Atoll",747494.736648126
"417","Johnston Atoll",755372.901808429
"418","Micronesia",108283.067020634
"419","Cook Islands",49931.334410639
"420","Johnston Atoll",351595.689090759
"421","Japan",191551.200956033
"422","Johnston Atoll",104996.23597107
"423","French Polynesia",359868.364264813
"424","French Polynesia",257967.519253268
"425","Marshall Islands",313893.882348852
"426","Hawaii",388873.914093991
"427","Palau",49954.0009242367
"428","French Polynesia",35037.5161046106
"429","Japan",331294.165297249
"430","Marshall Islands",797597.862653955
"431","Howland and Baker islands",263014.659419955
"432","Hawaii",95257.0636382748
"433","Japan",141811.109756181
"434","Marshall Islands",562522.768992516
"435","Johnston Atoll",555349.098467617
"436","Howland and Baker islands",73399.7830238575
"437","Line Group",19436.7037466587
"438","Palmyra Atoll",77453.4251584567
"439","Howland and Baker islands",7503.95798421394
"440","Palmyra Atoll",457606.818220609
"441","Northern Mariana Islands",45025.9951405233
"442","Johnston Atoll",588695.571862401
"443","Philippines",5472.42390564161
"444","Marshall Islands",344634.803443727
"445","Marshall Islands",31916.3493682569
"446","Marshall Islands",322.177470484676
"447","Philippines",233095.204573691
"448","Palau",106340.934199019
"449","Gilbert Islands",84567.8468044417
"450","Johnston Atoll",443627.640680977
"451","Northern Mariana Islands",301676.358742214
"452","Nauru",76490.0279842406
"453","Johnston Atoll",278176.027980451
"454","Phoenix Group",148136.941009182
"455","Johnston Atoll",312061.516407263
"456","Johnston Atoll",590634.914649932
"457","Japan",229720.157046052
"458","Johnston Atoll",338804.434890276
"459","French Polynesia",482361.300073934
"460","Line Group",441473.290008909
"461","Micronesia",54200.2580341295
"462","Jarvis Island",109450.728939102
"463","Phoenix Group",119149.420428475
"464","Micronesia",24301.2362307249
"465","Palmyra Atoll",208132.141831298
"466","Phoenix Group",50239.835152521
"467","Johnston Atoll",439583.448406243
"468","Jarvis Island",96950.7087196188
"469","Indonesia",82966.1613672279
"470","Line Group",110855.5886727
"471","Northern Mariana Islands",121453.082195551
"472","Line Group",526900.112588841
"473","Marshall Islands",291722.586337322
"474","Marshall Islands",602009.762834383
"475","Marshall Islands",74061.0399120876
"476","Palmyra Atoll",166166.585752917
"477","Palmyra Atoll",276366.553032872
"478","Jarvis Island",70998.2962351379
"479","French Polynesia",385907.926901265
"480","Papua New Guinea",3171.55769124748
"481","Gilbert Islands",228109.996842225
"482","French Polynesia",461431.825007144
"483","Marshall Islands",293030.365972733
"484","Micronesia",358013.585558204
"485","Johnston Atoll",104460.658078881
"486","Micronesia",279580.374229154
"487","French Polynesia",215941.479144174
"488","Gilbert Islands",3347.68411990567
"489","Micronesia",436376.605068298
"490","Palmyra Atoll",276034.51323074
"491","Wake Island",317271.800432964
"492","French Polynesia",245994.801229714
"493","Johnston Atoll",231794.052233186
"494","Howland and Baker islands",369962.661285645
"495","French Polynesia",4945.13898622593
"496","Papua New Guinea",99007.4301600203
"497","Line Group",293658.878840324
"498","Marshall Islands",151156.970574448
"499","Jarvis Island",98062.6441035888
"500","French Polynesia",261750.627224189
"501","Solomon Islands",88394.4761794763
"502","Micronesia",113804.598189316
"503","Jarvis Island",7134.59552085762
"504","Philippines",267983.312650366
"505","Marshall Islands",367471.182217901
"506","Line Group",52461.0380360362
"507","French Polynesia",155676.85965477
"508","Japan",135761.872275447
"509","Micronesia",256375.369016085
"510","Philippines",116353.524015286
"511","Micronesia",188961.688545596
"512","Palmyra Atoll",375172.273371939
"513","Wake Island",95777.1680574346
"514","Cook Islands",16644.9941915539
"515","Line Group",142001.133457257
"516","Johnston Atoll",90689.7390389596
"517","Marshall Islands",195674.670901091
"518","Line Group",269090.650450028
"519","French Polynesia",135251.061807058
"520","Cook Islands",145916.93926784
"521","Marshall Islands",337695.018394984
"522","Gilbert Islands",77751.6109309703
"523","Palmyra Atoll",391589.630480181
"524","Wake Island",485390.650146006
"525","Japan",302421.761588727
"526","Philippines",98770.4392679873
"527","Johnston Atoll",572408.439554548
"528","Marshall Islands",57387.1382133231
"529","Phoenix Group",118347.918617208
"530","Marshall Islands",513210.710277136
"531","Marshall Islands",567075.155572374
"532","Marshall Islands",725790.590485257
"533","French Polynesia",200307.384114323
"534","Hawaii",231773.01770184
"535","Johnston Atoll",488934.056715226
"536","French Polynesia",158829.790661541
"537","Nauru",67825.4441414936
"538","Johnston Atoll",262176.862342532
"539","French Polynesia",455900.939079184
"540","Line Group",729459.2889985
"541","Line Group",564649.513129199
"542","Line Group",307504.771840004
"543","Marshall Islands",53135.5226373011
"544","Howland and Baker islands",352921.46991178
"545","Howland and Baker islands",40347.762842908
"546","French Polynesia",427196.224515631
"547","Northern Mariana Islands",174720.819547391
"548","Howland and Baker islands",27920.8896252516
"549","Line Group",210441.669919319
"550","Phoenix Group",281394.697375317
"551","Micronesia",75404.2281019745
"552","Johnston Atoll",277245.239785639
"553","Marshall Islands",622865.626302425
"554","Johnston Atoll",529474.203298485
"555","Micronesia",46619.9788177478
"556","Howland and Baker islands",258047.822320622
"557","Marshall Islands",223478.009358279
"558","Japan",207520.646749016
"559","Line Group",517027.976355914
"560","Line Group",545992.385789559
"561","Marshall Islands",560704.091090516
"562","Palmyra Atoll",76865.6844968532
"563","Johnston Atoll",120275.079738658
"564","Palmyra Atoll",317658.019597788
"565","Palmyra Atoll",426553.398234889
"566","French Polynesia",291682.739954876
"567","French Polynesia",300751.439771785
"568","Phoenix Group",307860.02953095
"569","Hawaii",249550.121681872
"570","Micronesia",102237.671895275
"571","Philippines",147162.799374008
"572","Hawaii",314440.10440757
"573","French Polynesia",40234.9770033083
"574","Marshall Islands",75816.4309491648
"575","Johnston Atoll",298327.771371323
"576","Hawaii",158072.822946366
"577","Japan",168815.390204123
"578","Wake Island",276705.629113177
"579","Line Group",365270.537760778
"580","Marshall Islands",306230.62439185
"581","Hawaii",106091.950514291
"582","Johnston Atoll",593691.629937355
"583","Line Group",48337.8465764939
"584","Howland and Baker islands",508881.63745357
"585","Papua New Guinea",74985.0757381734
"586","French Polynesia",478157.546599899
"587","Wake Island",346277.630070962
"588","Marshall Islands",185602.477375186
"589","Howland and Baker islands",432283.114624502
"590","French Polynesia",94679.9569399157
"591","French Polynesia",498393.553030212
"592","Howland and Baker islands",59532.9334276476
"593","French Polynesia",694540.786826936
"594","Marshall Islands",132054.220629276
"595","Northern Mariana Islands",602825.752084078
"596","Jarvis Island",63339.770722616
"597","Line Group",201245.946423791
"598","Palau",152235.216747193
"599","Johnston Atoll",359171.983688026
"600","Indonesia",91707.1026812482
"601","Cook Islands",140371.295078556
"602","Marshall Islands",362.0770985202
"603","Marshall Islands",688100.728758116
"604","Phoenix Group",241948.629944693
"605","Guam",79834.745190743
"606","Palmyra Atoll",261840.081844986
"607","Marshall Islands",635134.034498043
"608","Howland and Baker islands",254220.821586058
"609","Philippines",182282.050088515
"610","Micronesia",2055.06753039931
"611","French Polynesia",70290.3543932976
"612","Marshall Islands",264732.261356485
"613","Johnston Atoll",345887.295351097
"614","Jarvis Island",198492.957386199
"615","Marshall Islands",310674.86724884
"616","Howland and Baker islands",420855.597329313
"617","Hawaii",168599.342642366
"618","French Polynesia",41799.1969766675
"619","French Polynesia",104619.602748861
"620","Johnston Atoll",123823.724923336
"621","Japan",123573.460119116
"622","Hawaii",709424.52643701
"623","Johnston Atoll",241403.892874588
"624","Micronesia",116714.366043583
"625","Japan",145925.467807517
"626","Palmyra Atoll",149024.886737498
"627","French Polynesia",110945.458154054
"628","Palmyra Atoll",139555.006470137
"629","Philippines",130122.730793656
"630","Line Group",222267.193410723
"631","Palmyra Atoll",272622.745743534
"632","Gilbert Islands",55053.5066827857
"633","Marshall Islands",166190.348787163
"634","Johnston Atoll",133842.465002832
"635","Howland and Baker islands",39502.6994130149
"636","Marshall Islands",130930.39016896
"637","Marshall Islands",177372.614771715
"638","Hawaii",473313.339446245
"639","Marshall Islands",67016.7597332135
"640","Johnston Atoll",108624.126358046
"641","Micronesia",27533.3147333153
"642","Palmyra Atoll",196095.897639482
"643","French Polynesia",40600.4968894725
"644","Johnston Atoll",138918.540121649
"645","Solomon Islands",27387.7306670753
"646","Howland and Baker islands",491655.194525384
"647","Johnston Atoll",134614.579943439
"648","Howland and Baker islands",211417.027742516
"649","Papua New Guinea",59888.5844775851
"650","French Polynesia",36880.398015107
"651","Philippines",298359.311309549
"652","Johnston Atoll",142642.066039861
"653","French Polynesia",485604.631574358
"654","Line Group",32825.176525316
"655","Micronesia",4456.07237534675
"656","Line Group",372156.592032283
"657","Marshall Islands",633085.972177453
"658","Japan",115783.059633967
"659","Line Group",349103.366526176
"660","Marshall Islands",828162.225017907
"661","Wake Island",307215.665853766
"662","Philippines",137673.530853528
"663","Solomon Islands",82193.1189541425
"664","Howland and Baker islands",691082.824485756
"665","Howland and Baker islands",309921.893674051
"666","Hawaii",503034.481554563
"667","Marshall Islands",175545.299116045
"668","Line Group",32506.2971870553
"669","French Polynesia",231695.900521261
"670","Jarvis Island",167795.777292033
"671","Northern Mariana Islands",14530.2060470467
"672","Wake Island",288797.537404764
"673","Howland and Baker islands",521464.736371125
"674","Gilbert Islands",81200.2948453774
"675","Marshall Islands",394532.431530814
"676","Johnston Atoll",125092.618490196
"677","Howland and Baker islands",158128.147966797
"678","Marshall Islands",117292.802726709
"679","Jarvis Island",139790.497218791
"680","French Polynesia",576224.192187553
"681","Japan",145596.749400133
"682","Marshall Islands",493159.407854181
"683","Johnston Atoll",238604.780346461
"684","French Polynesia",376877.564769162
"685","Northern Mariana Islands",187292.621592969
"686","Japan",315479.235202796
"687","Johnston Atoll",365503.996894702
"688","French Polynesia",92811.9894396293
"689","Jarvis Island",286532.945028424
"690","Cook Islands",70426.0524632961
"691","Line Group",493524.516183494
"692","Palau",29745.7504430147
"693","French Polynesia",154891.804561097
"694","Marshall Islands",553532.016267106
"695","Johnston Atoll",731715.152296263
"696","Northern Mariana Islands",302252.627736181
"697","Palau",195829.507951292
"698","Papua New Guinea",19210.659417303
"699","Marshall Islands",357104.248790199
"700","Wake Island",21928.439044754
"701","Hawaii",402225.617600805
"702","Philippines",273266.583820768
"703","Line Group",2869.89216096775
"704","Palmyra Atoll",275852.079853666
"705","Papua New Guinea",33198.5898498354
"706","Hawaii",16210.7991528482
"707","Hawaii",180835.944986062
"708","Marshall Islands",156099.035203668
"709","Northern Mariana Islands",315578.362996184
"710","Marshall Islands",259331.491739391
"711","French Polynesia",45284.5445417918
"712","Papua New Guinea",149022.001330366
"713","Palau",188315.281281755
"714","Wake Island",176480.074603677
"715","French Polynesia",478274.821614866
"716","Northern Mariana Islands",52124.316999444
"717","Marshall Islands",693871.263304235
"718","Tuvalu",9329.31901562437
"719","French Polynesia",567068.267592435
"720","French Polynesia",386639.626401052
"721","Gilbert Islands",140364.451647797
"722","Marshall Islands",702850.539631101
"723","Phoenix Group",257317.46360352
"724","Palmyra Atoll",385282.501149174
"725","Northern Mariana Islands",65982.692613207
"726","Palmyra Atoll",47644.3956026301
"727","Howland and Baker islands",164628.887281803
"728","Marshall Islands",327795.551024134
"729","Line Group",104445.042566657
"730","Papua New Guinea",26124.5032050766
"731","Palmyra Atoll",226961.261079374
"732","Marshall Islands",764845.237906286
"733","Howland and Baker islands",456351.177114576
"734","Line Group",451354.077159977
"735","Japan",277027.26349219
"736","Philippines",10523.2219554282
"737","Line Group",344081.865604634
"738","French Polynesia",162182.546926107
"739","Johnston Atoll",390087.172905725
"740","Palmyra Atoll",48944.1340801975
"741","Jarvis Island",169375.615104328
"742","French Polynesia",493187.681801739
"743","Micronesia",217991.354289999
"744","Johnston Atoll",430100.279489445
"745","Nauru",27538.4615520431
"746","Howland and Baker islands",324119.123864051
"747","Marshall Islands",106254.755130477
"748","Marshall Islands",208865.346134306
"749","Wake Island",517016.931691549
"750","Gilbert Islands",333607.875809278
"751","Marshall Islands",605129.394451654
"752","Cook Islands",87732.2469379562
"753","Hawaii",65328.8565048388
"754","Palmyra Atoll",214347.156232074
"755","French Polynesia",313820.99897496
"756","Hawaii",54128.5813975864
"757","Solomon Islands",48285.4723950428
"758","Line Group",221838.254615173
"759","Marshall Islands",499440.244095218
"760","Micronesia",52031.9016360937
"761","French Polynesia",181522.797999878
"762","Jarvis Island",154675.653081052
"763","Palmyra Atoll",378931.693729156
"764","Tuvalu",176787.135329981
"765","Gilbert Islands",148922.952353164
"766","Philippines",270435.566906562
"767","Line Group",154330.150998593
"768","Johnston Atoll",363412.392378609
"769","Line Group",190140.003100648
"770","Johnston Atoll",153655.9081285
"771","Hawaii",241513.996019774
"772","Phoenix Group",77686.4120874506
"773","Johnston Atoll",180742.051664537
"774","Hawaii",42509.8626333423
"775","Palmyra Atoll",298491.66289154
"776","Palau",190431.858323937
"777","French Polynesia",311057.439363479
"778","Palmyra Atoll",328606.346597916
"779","Indonesia",16295.7277490427
"780","Gilbert Islands",150674.644757635
"781","Johnston Atoll",506935.472011089
"782","Palmyra Atoll",254069.181983635
"783","Line Group",535190.638966482
"784","Hawaii",338090.760743031
"785","Cook Islands",150673.641426923
"786","Line Group",181125.274447334
"787","Nauru",37200.3928747446
"788","Johnston Atoll",250617.271272935
"789","Papua New Guinea",96159.8375210983
"790","Philippines",344112.532295484
"791","French Polynesia",46030.3478987789
"792","Marshall Islands",621965.68120013
"793","Johnston Atoll",963.410537194041
"794","French Polynesia",146359.393674157
"795","Marshall Islands",694399.256829195
"796","Nauru",89744.7407950433
"797","Marshall Islands",330359.083180234
"798","Johnston Atoll",486088.289275555
"799","Line Group",73704.1753424415
"800","Marshall Islands",413738.315864158
"801","Johnston Atoll",539928.390064658
"802","Johnston Atoll",860.079112363205
"803","Hawaii",355468.182421235
"804","Line Group",675036.687341864
"805","Marshall Islands",300809.215594992
"806","Palmyra Atoll",58668.8179643948
"807","Howland and Baker islands",229282.974708331
"808","French Polynesia",250383.063237913
"809","Micronesia",222993.183529343
"810","Palmyra Atoll",383627.315383891
"811","Howland and Baker islands",524707.642113133
"812","Marshall Islands",378240.607624932
"813","Northern Mariana Islands",293948.916067795
"814","Northern Mariana Islands",77673.126327803
"815","Philippines",144060.636343995
"816","Line Group",99135.4220383082
"817","French Polynesia",57207.1651306322
"818","Howland and Baker islands",291606.684895196
"819","Micronesia",361406.680027503
"820","Palmyra Atoll",328814.403403269
"821","Line Group",364664.913235538
"822","Palmyra Atoll",139574.288338415
"823","Marshall Islands",38665.4532921473
"824","Marshall Islands",316789.254152414
"825","Johnston Atoll",35066.1926403167
"826","Marshall Islands",133940.638076164
"827","Marshall Islands",530552.82845824
"828","Howland and Baker islands",552578.514650222
"829","Johnston Atoll",584387.933142509
"830","Hawaii",400708.37308943
"831","Johnston Atoll",673914.969987871
"832","Marshall Islands",216461.139475826
"833","Northern Mariana Islands",43138.4698377373
"834","Johnston Atoll",536043.735576297
"835","Line Group",227985.645892073
"836","Line Group",347220.106386108
"837","Marshall Islands",799812.681910374
"838","Tuvalu",15858.4251892495
"839","French Polynesia",19973.4384630112
"840","Phoenix Group",116727.611600173
"841","Micronesia",160156.465391435
"842","Micronesia",29475.6748923516
"843","Hawaii",532949.111974675
"844","French Polynesia",3728.75342892734
"845","Line Group",516486.537923815
"846","Solomon Islands",69489.1362462417
"847","French Polynesia",321483.255770677
"848","Johnston Atoll",684207.636765033
"849","Gilbert Islands",81056.8764503935
"850","Johnston Atoll",425881.728424677
"851","Marshall Islands",215766.960926653
"852","Japan",223445.307060778
"853","Johnston Atoll",426845.81263241
"854","Gilbert Islands",178202.65515635
"855","Line Group",108522.241938258
"856","Solomon Islands",62761.2986170083
"857","Line Group",597867.555426145
"858","French Polynesia",120710.57595838
"859","Marshall Islands",484263.191599678
"860","Palau",15441.8519217592
"861","Marshall Islands",682896.486235848
"862","Nauru",74396.5060773643
"863","Marshall Islands",473881.398480582
"864","Marshall Islands",173323.348406899
"865","French Polynesia",466487.923994976
"866","Micronesia",136821.051436852
"867","Johnston Atoll",187721.484566954
"868","Hawaii",269496.864247514
"869","Palmyra Atoll",423515.324403032
"870","French Polynesia",72127.810653238
"871","Phoenix Group",14596.4143738997
"872","Marshall Islands",324084.327527891
"873","Cook Islands",58045.0358631669
"874","Gilbert Islands",215979.334333975
"875","Nauru",14570.4558609417
"876","Micronesia",95625.8425778003
"877","Papua New Guinea",43441.2829698887
"878","Palmyra Atoll",56410.7978845766
"879","Tokelau",76229.1256407115
"880","Jarvis Island",229720.446171627
"881","Phoenix Group",38373.9672369098
"882","Palmyra Atoll",3724.30615987828
"883","Howland and Baker islands",164887.800196805
"884","Marshall Islands",89171.3672575143
"885","Tuvalu",46020.9751533297
"886","Hawaii",682930.436662638
"887","Hawaii",111440.167187976
"888","Hawaii",611727.094298649
"889","Line Group",708.14668414897
"890","Northern Mariana Islands",330686.907185633
"891","Johnston Atoll",302445.582532548
"892","Philippines",94813.1449735871
"893","Gilbert Islands",180047.360576599
"894","Howland and Baker islands",116106.832552048
"895","Philippines",44270.3684359078
"896","Philippines",86908.6134703683
"897","Hawaii",90703.0990222232
"898","Micronesia",72171.4431379459
"899","Jarvis Island",270534.976602005
"900","Howland and Baker islands",32650.173952462
"901","Papua New Guinea",44293.0514504887
"902","Phoenix Group",113329.009143448
"903","Johnston Atoll",497099.699367341
"904","Micronesia",101891.98722726
"905","Japan",138257.948563515
"906","Papua New Guinea",20829.1801889778
"907","Marshall Islands",565115.246796639
"908","Johnston Atoll",330700.340640444
"909","Jarvis Island",105320.907127749
"910","Papua New Guinea",8704.45547506403
"911","Howland and Baker islands",38931.9506560802
"912","Marshall Islands",367557.699264837
"913","Japan",104642.129287191
"914","Fiji",66630.8222776036
"915","Hawaii",135042.61235579
"916","Hawaii",348133.927619092
"917","Guam",137506.400832375
"918","Johnston Atoll",522579.389561137
"919","Jarvis Island",123592.23981747
"920","French Polynesia",32347.8358571279
"921","French Polynesia",247360.960069119
"922","Howland and Baker islands",10116.8908842303
"923","Tokelau",67982.1450490277
"924","Cook Islands",86405.2806801562
"925","French Polynesia",473957.113766754
"926","Johnston Atoll",114962.095248089
"927","Marshall Islands",524179.172559096
"928","Japan",118730.18220038
"929","Hawaii",289194.135087974
"930","Howland and Baker islands",151959.814292917
"931","Cook Islands",216132.348693411
"932","Howland and Baker islands",696094.187534535
"933","Howland and Baker islands",103881.674618033
"934","Johnston Atoll",27294.2140858655
"935","Cook Islands",94863.0814367621
"936","Line Group",166856.21011576
"937","Philippines",374209.112590208
"938","Marshall Islands",503802.041807713
"939","Johnston Atoll",30995.1432655783
"940","Palau",52669.8013970234
"941","Howland and Baker islands",52865.8326804137
"942","Palmyra Atoll",277970.845049601
"943","Gilbert Islands",308664.381291641
"944","Johnston Atoll",346700.228174811
"945","Marshall Islands",457781.633343842
"946","Howland and Baker islands",416839.108152993
"947","Phoenix Group",153774.719690923
"948","Hawaii",124226.038891499
"949","Line Group",306297.585394051
"950","Northern Mariana Islands",139403.089592883
"951","Palmyra Atoll",15302.7439504689
"952","French Polynesia",308494.999925629
"953","French Polynesia",38746.34736307
"954","Micronesia",362702.918983827
"955","Howland and Baker islands",259034.434031386
"956","Marshall Islands",271350.904059165
"957","Palmyra Atoll",229429.200454948
"958","Howland and Baker islands",292343.221587245
"959","Marshall Islands",174729.796223092
"960","Hawaii",76477.5922888199
"961","Line Group",338824.539581558
"962","Micronesia",138335.65740599
"963","Hawaii",380815.936136514
"964","Line Group",168916.230278216
"965","Palmyra Atoll",337992.738830898
"966","Palmyra Atoll",243263.087342984
"967","French Polynesia",493722.68378744
"968","Johnston Atoll",11843.0125777754
"969","Northern Mariana Islands",182521.410177203
"970","French Polynesia",323485.662324852
"971","Micronesia",22295.1559658334
"972","Howland and Baker islands",434403.881266338
"973","Tuvalu",1776.21497275611
"974","Palmyra Atoll",309356.956293097
"975","Hawaii",398521.950898777
"976","Hawaii",78061.2249883629
"977","Japan",191102.11103457
"978","Micronesia",215771.896721182
"979","Line Group",138024.899795636
"980","Hawaii",26781.2075088351
"981","Micronesia",68701.6047402071
"982","Johnston Atoll",262478.739909875
"983","Johnston Atoll",27618.2632922776
"984","Tuvalu",42778.0603439995
"985","Marshall Islands",38550.1051379437
"986","Marshall Islands",442328.217166454
"987","French Polynesia",175833.924556892
"988","Phoenix Group",258086.028932407
"989","Marshall Islands",743536.740966883
"990","Line Group",284087.96459049
"991","Johnston Atoll",609772.84868465
"992","Line Group",31412.0914335527
"993","Wake Island",117938.759004878
"994","Papua New Guinea",51908.3549939643
"995","Marshall Islands",290242.681020882
"996","Howland and Baker islands",140964.149605294
"997","Philippines",38570.895114822
"998","Cook Islands",5384.43173714461
"999","Tuvalu",55886.4750898961
"1000","Philippines",272758.111200454
"1001","Micronesia",83239.4153283151
"1002","French Polynesia",75152.7597759388
"1003","Line Group",228499.007468902
"1004","Hawaii",266832.428085582
"1005","French Polynesia",168484.353112128
"1006","Line Group",111591.59237422
"1007","Tokelau",62286.668377137
"1008","Phoenix Group",111248.042390104
"1009","Japan",225207.655550014
"1010","Marshall Islands",328088.304077762
"1011","Northern Mariana Islands",13997.8126931672
"1012","Marshall Islands",340475.380727398
"1013","Jarvis Island",238626.518749299
"1014","Japan",280225.965989978
"1015","Howland and Baker islands",148063.458471079
"1016","Micronesia",241654.675457133
"1017","Johnston Atoll",189030.53365966
"1018","French Polynesia",465950.661067101
"1019","Micronesia",118473.15325181
"1020","Hawaii",292582.030018079
"1021","Marshall Islands",534991.392442374
"1022","Marshall Islands",731608.8781282
"1023","Line Group",396973.972677472
"1024","Gilbert Islands",156266.686253232
"1025","Phoenix Group",72582.3930491929
"1026","Japan",107127.360690175
"1027","Hawaii",281808.333245323
"1028","Northern Mariana Islands",460763.347167806
"1029","Johnston Atoll",570315.852390623
"1030","Japan",121863.823557459
"1031","Johnston Atoll",752562.686182642
"1032","French Polynesia",94328.3346913244
"1033","French Polynesia",568976.402016378
"1034","Cook Islands",100476.759746568
"1035","Micronesia",17195.659845421
"1036","Micronesia",66294.1721241803
"1037","Philippines",311014.164108804
"1038","Marshall Islands",134798.546859291
"1039","Johnston Atoll",239772.02897868
"1040","Palau",94956.0659735062
"1041","Palau",123307.059623292
"1042","Marshall Islands",695656.969524048
"1043","Palmyra Atoll",395757.840951896
"1044","Marshall Islands",62124.8148521092
"1045","Papua New Guinea",24355.0497167141
"1046","Marshall Islands",391274.724250506
"1047","Papua New Guinea",58613.609603282
"1048","Howland and Baker islands",573975.590749791
"1049","Micronesia",96779.3042178236
"1050","Jarvis Island",8564.29233088719
"1051","Hawaii",240027.635506172
"1052","Line Group",6646.19187802022
"1053","Gilbert Islands",26417.9860515651
"1054","Line Group",27830.9004586323
"1055","Marshall Islands",48401.9659567506
"1056","French Polynesia",179359.784912144
"1057","Johnston Atoll",707977.997698258
"1058","Johnston Atoll",420753.783018418
"1059","Palmyra Atoll",117957.63900103
"1060","Johnston Atoll",374504.935619451
"1061","Howland and Baker islands",340764.484286834
"1062","Palmyra Atoll",393855.170051471
"1063","Phoenix Group",397087.533735353
"1064","Johnston Atoll",19431.7655116466
"1065","Line Group",41493.2558280495
"1066","Johnston Atoll",192522.718821909
"1067","Line Group",26556.103414105
"1068","Micronesia",270806.709311991
"1069","Palmyra Atoll",117066.460907411
"1070","Gilbert Islands",14900.5560240657
"1071","Line Group",302804.022505476
"1072","Hawaii",378687.801473877
"1073","Papua New Guinea",99247.6603563259
"1074","Philippines",69323.3713019464
"1075","Hawaii",183252.317028211
"1076","Japan",166473.856684127
"1077","Hawaii",258183.922578959
"1078","Hawaii",8426.15810775765
"1079","Johnston Atoll",306250.472240475
"1080","Line Group",152474.210411782
"1081","Howland and Baker islands",307029.10055573
"1082","Northern Mariana Islands",235296.270253624
"1083","Tuvalu",44948.576610144
"1084","Phoenix Group",145740.506529392
"1085","Hawaii",335277.616051633
"1086","Johnston Atoll",69759.6439121327
"1087","Hawaii",193572.481761697
"1088","French Polynesia",364156.857384037
"1089","Gilbert Islands",139514.547913463
"1090","Japan",135450.395831419
"1091","Marshall Islands",502420.672087293
"1092","Line Group",96626.4899527499
"1093","French Polynesia",581092.986293095
"1094","Wake Island",292170.168956593
"1095","Wake Island",91010.5424396111
"1096","French Polynesia",253791.650395105
"1097","Fiji",20393.387709209
"1098","Japan",41348.5826660608
"1099","Howland and Baker islands",69924.4982231527
"1100","Tuvalu",68990.627300554
"1101","Marshall Islands",557724.467065594
"1102","Micronesia",395232.540373703
"1103","Northern Mariana Islands",11775.9170849383
"1104","Northern Mariana Islands",665921.380033833
"1105","Phoenix Group",116686.504399549
"1106","French Polynesia",140056.087606244
"1107","Hawaii",222643.23963401
"1108","Micronesia",76072.3934108843
"1109","Marshall Islands",123626.710529174
"1110","Marshall Islands",87779.341108031
"1111","Philippines",177463.583572094
"1112","Howland and Baker islands",574748.814353812
"1113","Hawaii",471584.578484227
"1114","French Polynesia",89109.1380776178
"1115","Cook Islands",3917.21546320511
"1116","Howland and Baker islands",529322.118028724
"1117","Marshall Islands",155173.236288677
"1118","French Polynesia",6898.17591775396
"1119","Howland and Baker islands",331067.463789424
"1120","French Polynesia",527872.470311556
"1121","Johnston Atoll",130984.410875515
"1122","Johnston Atoll",609633.959949585
"1123","Johnston Atoll",129657.900260451
"1124","Tuvalu",69427.3922401425
"1125","Tuvalu",37934.578996576
"1126","French Polynesia",579232.755781731
"1127","Hawaii",386866.382548013
"1128","Johnston Atoll",231346.275265335
"1129","French Polynesia",40279.7967766355
"1130","Johnston Atoll",628616.610837196
"1131","Phoenix Group",85979.4187413564
"1132","Johnston Atoll",88897.1783884944
"1133","Philippines",41123.8787915722
"1134","French Polynesia",26652.1388166582
"1135","Johnston Atoll",165070.975248996
"1136","French Polynesia",560426.244979088
"1137","Johnston Atoll",526496.586702463
"1138","Palau",99215.7097868771
"1139","Palau",327012.403772046
"1140","French Polynesia",279232.094477725
"1141","Jarvis Island",43017.0354372594
"1142","Marshall Islands",149312.368097209
"1143","Johnston Atoll",357590.603368485
"1144","French Polynesia",124583.215919909
"1145","Howland and Baker islands",298436.581406527
"1146","Palmyra Atoll",389528.722454441
"1147","Johnston Atoll",579680.782653862
"1148","Hawaii",148840.753432289
"1149","Cook Islands",145232.557978894
"1150","Japan",205068.702647168
"1151","Palau",167337.186714072
"1152","Marshall Islands",162589.431834218
"1153","Line Group",300681.832727223
"1154","Micronesia",165287.370062091
"1155","French Polynesia",288565.042307406
"1156","Jarvis Island",97256.8075129698
"1157","Hawaii",370442.888859003
"1158","French Polynesia",554283.575365708
"1159","Micronesia",52483.9972308137
"1160","Howland and Baker islands",568803.182696359
"1161","Johnston Atoll",435742.331419625
"1162","Nauru",146132.555618064
"1163","Johnston Atoll",47990.5871689811
"1164","Hawaii",25271.1675704055
"1165","Marshall Islands",588716.587920109
"1166","Marshall Islands",307508.416155946
"1167","Howland and Baker islands",55032.1979596328
"1168","Marshall Islands",339333.042577694
"1169","Howland and Baker islands",447719.811124851
"1170","Nauru",85265.9256025497
"1171","Howland and Baker islands",584247.233632699
"1172","Marshall Islands",381321.350541619
"1173","Marshall Islands",139617.838125201
"1174","Wake Island",42353.858989059
"1175","French Polynesia",240659.997845268
"1176","Northern Mariana Islands",256134.247513976
"1177","Johnston Atoll",657742.057131708
"1178","French Polynesia",136606.449963852
"1179","Marshall Islands",414735.376420837
"1180","Line Group",496817.433279923
"1181","Phoenix Group",286893.2646099
"1182","Marshall Islands",103968.281088189
"1183","French Polynesia",34528.8430052018
"1184","French Polynesia",261205.119943854
"1185","French Polynesia",148399.614718786
"1186","Philippines",109345.933453099
"1187","Solomon Islands",18267.6612087321
"1188","Johnston Atoll",279924.989910962
"1189","Marshall Islands",500841.906510167
"1190","Phoenix Group",270458.677932672
"1191","Micronesia",62417.4321609004
"1192","Marshall Islands",343679.057789691
"1193","Hawaii",524964.037952161
"1194","Johnston Atoll",36316.3566846779
"1195","Marshall Islands",633393.798105834
"1196","Papua New Guinea",23952.9103449625
"1197","Phoenix Group",193932.9008012
"1198","Johnston Atoll",301718.37195444
"1199","Papua New Guinea",41167.2106626132
"1200","Phoenix Group",15031.7021090577
"1201","Micronesia",99512.1157626343
"1202","Micronesia",162410.537346873
"1203","Johnston Atoll",493210.68848138
"1204","Johnston Atoll",573480.497309424
"1205","Palau",198736.193067608
"1206","Philippines",333433.773793208
"1207","Palmyra Atoll",528602.99630994
"1208","Jarvis Island",89544.5995904384
"1209","Howland and Baker islands",315297.1778823
"1210","Marshall Islands",188651.068970382
"1211","Johnston Atoll",260569.760977273
"1212","French Polynesia",136096.864497775
"1213","Northern Mariana Islands",603710.987554013
"1214","French Polynesia",9568.9554409764
"1215","Philippines",98547.0779886808
"1216","Solomon Islands",101616.354533204
"1217","Philippines",188742.813859076
"1218","Micronesia",258570.071410445
"1219","Marshall Islands",490870.424439723
"1220","Northern Mariana Islands",609304.526839063
"1221","Marshall Islands",122690.822456221
"1222","Howland and Baker islands",189646.153650372
"1223","Solomon Islands",30983.7074652551
"1224","Marshall Islands",706244.818382496
"1225","Palmyra Atoll",250300.168293756
"1226","Howland and Baker islands",4744.9137533489
"1227","Hawaii",460561.254889392
"1228","Palmyra Atoll",314633.261217516
"1229","Palmyra Atoll",511353.388551253
"1230","Johnston Atoll",341634.682825619
"1231","Howland and Baker islands",348940.111165295
"1232","Marshall Islands",92462.128816125
"1233","Line Group",132077.885032321
"1234","Wake Island",42781.0780244049
"1235","Northern Mariana Islands",607949.793466119
"1236","Hawaii",103199.652862082
"1237","Johnston Atoll",21976.4918844544
"1238","Micronesia",135495.311878747
"1239","Phoenix Group",246883.29103786
"1240","Marshall Islands",93632.45820091
"1241","Marshall Islands",2124.26321852397
"1242","Johnston Atoll",742949.26476932
"1243","Marshall Islands",315437.732842754
"1244","Marshall Islands",261688.09732866
"1245","Palau",50929.905870606
"1246","Hawaii",355478.124539516
"1247","Solomon Islands",163197.699640431
"1248","Tokelau",107495.657567515
"1249","Marshall Islands",366892.610985547
"1250","Phoenix Group",78030.9790760024
"1251","Palmyra Atoll",210526.513118369
"1252","Papua New Guinea",102120.674270603
"1253","Line Group",392127.726020715
"1254","Palau",6894.38939218993
"1255","Line Group",557885.275082185
"1256","French Polynesia",536087.210909118
"1257","Johnston Atoll",362942.764606511
"1258","Johnston Atoll",179755.385503987
"1259","Micronesia",26074.4539643304
"1260","Johnston Atoll",158995.609290238
"1261","Hawaii",8830.64907191795
"1262","Howland and Baker islands",432160.483408899
"1263","Micronesia",254043.74722206
"1264","Japan",78243.4261717014
"1265","Palmyra Atoll",108333.402517239
"1266","Howland and Baker islands",206526.865481308
"1267","Line Group",348887.502700641
"1268","Howland and Baker islands",214061.097112969
"1269","Howland and Baker islands",32567.4627533271
"1270","Phoenix Group",192004.472372523
"1271","Papua New Guinea",131048.697389318
"1272","Hawaii",285213.26152899
"1273","French Polynesia",31387.6231389118
"1274","Northern Mariana Islands",63952.5289666879
"1275","Line Group",72111.3602305405
"1276","Tuvalu",13141.3231666401
"1277","Marshall Islands",9992.40517361618
"1278","Hawaii",344767.445881641
"1279","Johnston Atoll",449343.38349944
"1280","French Polynesia",402548.509867258
"1281","Howland and Baker islands",16068.5274270336
"1282","Hawaii",61647.3336597244
"1283","Line Group",339802.568472279
"1284","Johnston Atoll",147866.324443135
"1285","Palmyra Atoll",59516.7939512918
"1286","Line Group",247899.711158089
"1287","Japan",40399.6037528045
"1288","Johnston Atoll",445383.140455004
"1289","Johnston Atoll",257081.772216965
"1290","Solomon Islands",47922.9117535718
"1291","Cook Islands",189673.141670221
"1292","Howland and Baker islands",464442.916210348
"1293","Palmyra Atoll",217438.092329117
"1294","Hawaii",403530.31428003
"1295","Johnston Atoll",522954.199787615
"1296","Nauru",84496.2325879812
"1297","Howland and Baker islands",385446.730937922
"1298","Palmyra Atoll",123190.620742796
"1299","Northern Mariana Islands",571624.124661445
"1300","Howland and Baker islands",438469.706623683
"1301","Marshall Islands",736811.5693796
"1302","Nauru",129355.410152222
"1303","Line Group",113776.005336468
"1304","Johnston Atoll",409473.013752415
"1305","French Polynesia",160194.556923673
"1306","Northern Mariana Islands",397723.6882229
"1307","Howland and Baker islands",551781.583461881
"1308","Line Group",517594.627452872
"1309","Howland and Baker islands",572806.106034714
"1310","Marshall Islands",83865.8565046207
"1311","Micronesia",125420.216575057
"1312","Japan",347648.964921134
"1313","Palmyra Atoll",212514.230883966
"1314","French Polynesia",135125.130589976
"1315","Hawaii",282323.842014376
"1316","Jarvis Island",53346.4324960692
"1317","Johnston Atoll",224046.311627435
"1318","Jarvis Island",298165.800831102
"1319","Jarvis Island",68711.6839167689
"1320","Japan",149834.724182304
"1321","Northern Mariana Islands",14896.9797428401
"1322","Philippines",6383.569969136
"1323","Johnston Atoll",72169.5944844432
"1324","Line Group",93070.4361793249
"1325","Phoenix Group",73685.977884015
"1326","French Polynesia",100693.532028599
"1327","Hawaii",218643.997729175
"1328","Marshall Islands",662751.776644827
"1329","Palmyra Atoll",117354.374476076
"1330","Line Group",260698.737827985
"1331","Micronesia",162641.819569046
"1332","Phoenix Group",207158.382922556
"1333","Johnston Atoll",391337.592758014
"1334","Marshall Islands",11748.8729861283
"1335","Howland and Baker islands",209325.62724831
"1336","Palmyra Atoll",407369.845845729
"1337","Phoenix Group",41485.0564493848
"1338","Line Group",371757.266454877
"1339","Hawaii",282681.841151041
"1340","Johnston Atoll",704699.074976397
"1341","Line Group",30189.6847136711
"1342","Philippines",92852.705839194
"1343","Gilbert Islands",161905.728898788
"1344","Marshall Islands",550351.745877757
"1345","French Polynesia",488828.428339388
"1346","Marshall Islands",492959.765273415
"1347","Philippines",166148.061867873
"1348","French Polynesia",18859.7839087995
"1349","Hawaii",243175.295668643
"1350","French Polynesia",260140.123537907
"1351","Solomon Islands",127622.032541034
"1352","Line Group",21559.1226283254
"1353","French Polynesia",80752.5752836917
"1354","Line Group",216472.802726735
"1355","Johnston Atoll",700712.59085481
"1356","Line Group",407296.083812916
"1357","French Polynesia",42662.9431618064
"1358","Philippines",285423.759440549
"1359","Phoenix Group",41974.5753750438
"1360","Howland and Baker islands",492993.633846513
"1361","Hawaii",151310.898294973
"1362","Cook Islands",20713.5359255448
"1363","French Polynesia",192489.781903293
"1364","Northern Mariana Islands",75072.5767175404
"1365","Marshall Islands",49342.960408572
"1366","Line Group",213548.11738496
"1367","Phoenix Group",8022.89320018844
"1368","Palmyra Atoll",215304.255723499
"1369","French Polynesia",175100.544026758
"1370","Howland and Baker islands",327166.770337848
"1371","Solomon Islands",31206.9636412856
"1372","Jarvis Island",8844.45365073539
"1373","Hawaii",212201.712469184
"1374","Cook Islands",235970.684442073
"1375","Palmyra Atoll",327315.074043484
"1376","Marshall Islands",150718.948084447
"1377","Johnston Atoll",95707.9036708863
"1378","Japan",185494.439411112
"1379","Micronesia",105356.824972169
"1380","Marshall Islands",46942.309067337
"1381","Papua New Guinea",55512.3069421054
"1382","French Polynesia",3653.81466220779
"1383","Johnston Atoll",287726.099139431
"1384","Micronesia",40215.6747039948
"1385","French Polynesia",229932.934781696
"1386","Palmyra Atoll",46568.4490760863
"1387","Papua New Guinea",165989.670279896
"1388","Palmyra Atoll",343789.828682864
"1389","Hawaii",518133.341122733
"1390","Marshall Islands",159467.435370019
"1391","Marshall Islands",461190.189048322
"1392","Marshall Islands",19321.2270283358
"1393","Howland and Baker islands",516731.291297368
"1394","Marshall Islands",539170.10193955
"1395","Hawaii",121346.167029048
"1396","French Polynesia",228378.38167299
"1397","Micronesia",181909.314158863
"1398","Solomon Islands",98756.7959898519
"1399","Line Group",281174.599126774
"1400","French Polynesia",266228.389836742
"1401","Howland and Baker islands",487529.727196476
"1402","French Polynesia",263602.816690676
"1403","French Polynesia",220386.375608086
"1404","Howland and Baker islands",15651.6897913603
"1405","Line Group",80226.7009441058
"1406","Johnston Atoll",282931.774313181
"1407","Micronesia",1512.52890996213
"1408","Howland and Baker islands",351616.685574411
"1409","French Polynesia",72779.3949001577
"1410","Micronesia",54552.3794424911
"1411","Marshall Islands",154862.241740778
"1412","Marshall Islands",115291.558924672
"1413","Jarvis Island",160788.457667134
"1414","French Polynesia",83139.246861878
"1415","Johnston Atoll",98152.7027550275
"1416","Japan",291732.29451359
"1417","Nauru",132436.113946315
"1418","Marshall Islands",302333.102997862
"1419","Wake Island",287619.067337323
"1420","Indonesia",1623.36453400569
"1421","Marshall Islands",199230.73758542
"1422","Line Group",439284.504079685
"1423","Japan",72526.7153623148
"1424","Howland and Baker islands",404833.957031903
"1425","Howland and Baker islands",390774.159146887
"1426","French Polynesia",677578.264630576
"1427","French Polynesia",89535.8381163438
"1428","Marshall Islands",260521.833387659
"1429","Johnston Atoll",496176.889018123
"1430","Micronesia",17299.8013001258
"1431","Line Group",89928.5909435054
"1432","Micronesia",61916.195628154
"1433","Marshall Islands",346108.327958145
"1434","Palmyra Atoll",153239.319859944
"1435","Marshall Islands",422621.946707844
"1436","Johnston Atoll",616575.957965642
"1437","Line Group",261308.391736246
"1438","Jarvis Island",74694.4325795844
"1439","French Polynesia",332778.735945049
"1440","Palmyra Atoll",305961.440539737
"1441","Micronesia",16258.3800156361
"1442","Hawaii",367229.55903942
"1443","Palmyra Atoll",43414.509529111
"1444","Marshall Islands",181270.074558737
"1445","French Polynesia",456724.98832947
"1446","Line Group",250870.822949623
"1447","French Polynesia",105803.314978363
"1448","Wake Island",110244.11796627
"1449","Northern Mariana Islands",77473.5005568084
"1450","Marshall Islands",283334.332912632
"1451","Japan",151967.634042526
"1452","Micronesia",194697.959381237
"1453","Palmyra Atoll",40878.9692074654
"1454","Phoenix Group",421444.001173748
"1455","French Polynesia",235193.642048177
"1456","Marshall Islands",614495.753244281
"1457","Marshall Islands",143486.006540884
"1458","Johnston Atoll",161474.789964207
"1459","Japan",266769.430170764
"1460","Northern Mariana Islands",64575.0639492849
"1461","Nauru",39415.5995231297
"1462","French Polynesia",63582.6097713607
"1463","Line Group",139889.979995652
"1464","Johnston Atoll",51827.0230730588
"1465","Marshall Islands",96290.5311650628
"1466","Line Group",394131.656127051
"1467","Solomon Islands",51734.8325741809
"1468","Micronesia",42221.1448166376
"1469","French Polynesia",57418.8918703327
"1470","Japan",212730.588701386
"1471","Marshall Islands",725525.542230528
"1472","Line Group",76140.8777132035
"1473","Wake Island",276670.392614909
"1474","Philippines",352882.076218404
"1475","Phoenix Group",215150.616251364
"1476","Micronesia",124350.303248019
"1477","Marshall Islands",78740.6960947635
"1478","Solomon Islands",10118.9281922293
"1479","Northern Mariana Islands",352597.326546115
"1480","Johnston Atoll",230885.970275711
"1481","Howland and Baker islands",185520.016601628
"1482","Johnston Atoll",622196.093217811
"1483","Howland and Baker islands",440924.139214649
"1484","French Polynesia",150605.877991604
"1485","Marshall Islands",27389.4966227443
"1486","Howland and Baker islands",564788.235664831
"1487","Howland and Baker islands",613497.945288849
"1488","Line Group",186504.908477994
"1489","Indonesia",101046.498665151
"1490","French Polynesia",219664.072681489
"1491","Wake Island",39131.4029106967
"1492","Line Group",29065.5242541897
"1493","Hawaii",169157.331825325
"1494","Micronesia",86913.1163508401
"1495","Jarvis Island",32850.4205832522
"1496","Howland and Baker islands",257420.210812421
"1497","Northern Mariana Islands",49787.6357428094
"1498","Philippines",121642.743177418
"1499","Howland and Baker islands",490426.652212136
"1500","Solomon Islands",45033.7029104217
"1501","Hawaii",103714.769515088
"1502","Marshall Islands",70360.2371910822
"1503","French Polynesia",138382.20459682
"1504","Marshall Islands",550837.154440779
"1505","Japan",204402.4641079
"1506","French Polynesia",44986.273119664
"1507","Northern Mariana Islands",83062.0128795387
"1508","Johnston Atoll",140984.685666698
"1509","Palmyra Atoll",172822.290231657
"1510","Line Group",69708.8203724427
"1511","Solomon Islands",91188.2631980488
"1512","Howland and Baker islands",618831.110011804
"1513","Johnston Atoll",765553.376482701
"1514","Jarvis Island",124224.077296479
"1515","Marshall Islands",21735.08994403
"1516","French Polynesia",437202.722886835
"1517","Philippines",96766.7310177407
"1518","Japan",264794.890962088
"1519","Johnston Atoll",181503.913688337
"1520","Hawaii",232628.397678699
"1521","Northern Mariana Islands",8264.66983378054
"1522","Johnston Atoll",304125.339319474
"1523","Palmyra Atoll",91549.7273795838
"1524","Howland and Baker islands",183187.093511299
"1525","Palmyra Atoll",83437.2609378513
"1526","Hawaii",76792.6325914657
"1527","Tuvalu",68038.6049507748
"1528","Wake Island",96334.0023777349
"1529","Howland and Baker islands",396568.271475135
"1530","Phoenix Group",269460.180656422
"1531","French Polynesia",169824.245705348
"1532","Indonesia",27391.2306147318
"1533","Gilbert Islands",81951.2347516511
"1534","Tuvalu",23651.824887826
"1535","Hawaii",225519.60507443
"1536","Johnston Atoll",658609.545472354
"1537","Micronesia",40291.2961684625
"1538","Cook Islands",13040.0934764009
"1539","Phoenix Group",90713.8499673616
"1540","Palau",260181.166234365
"1541","Marshall Islands",339926.187464659
"1542","Cook Islands",24368.3933215244
"1543","Micronesia",133999.428423736
"1544","Howland and Baker islands",379219.069847262
"1545","Palmyra Atoll",124433.660983983
"1546","Howland and Baker islands",277086.297277499
"1547","Marshall Islands",700090.962183148
"1548","Marshall Islands",663418.180695461
"1549","Marshall Islands",470229.515887064
"1550","Howland and Baker islands",112856.504972744
"1551","French Polynesia",249991.153420384
"1552","Hawaii",110576.406445157
"1553","French Polynesia",347042.57542048
"1554","Hawaii",67766.9016791634
"1555","Philippines",23765.018739138
"1556","Marshall Islands",596683.279968458
"1557","Solomon Islands",4002.83374994719
"1558","Philippines",185260.312521681
"1559","Johnston Atoll",707555.44962554
"1560","Jarvis Island",186755.349612859
"1561","Japan",254006.876459619
"1562","Line Group",47734.87599026
"1563","Jarvis Island",125183.925312653
"1564","Marshall Islands",696664.44089231
"1565","Marshall Islands",199801.032544771
"1566","Line Group",210313.692199443
"1567","Johnston Atoll",402282.126744258
"1568","Line Group",299831.730613468
"1569","Howland and Baker islands",32487.384641628
"1570","Marshall Islands",538399.311007098
"1571","Marshall Islands",470735.388039847
"1572","Howland and Baker islands",462078.764071174
"1573","Cook Islands",26933.1997937995
"1574","Micronesia",21372.324919567
"1575","Johnston Atoll",118812.663574976
"1576","French Polynesia",151202.777728664
"1577","Micronesia",188355.230313026
"1578","Philippines",330410.396283542
"1579","Northern Mariana Islands",140144.235089185
"1580","Micronesia",272434.146339198
"1581","Line Group",443559.144993742
"1582","French Polynesia",51204.8764665941
"1583","French Polynesia",456164.031616754
"1584","Hawaii",146091.04473017
"1585","Johnston Atoll",153566.406937815
"1586","Micronesia",88741.1497590608
"1587","Indonesia",81830.4046193365
"1588","Northern Mariana Islands",106524.256689005
"1589","Palmyra Atoll",225053.897255613
"1590","Marshall Islands",54692.7252179718
"1591","Johnston Atoll",262531.373101535
"1592","French Polynesia",521054.587618565
"1593","Johnston Atoll",470663.736777782
"1594","Japan",210091.971257339
"1595","Howland and Baker islands",521700.765116647
"1596","Line Group",143813.571694106
"1597","Johnston Atoll",624202.596284837
"1598","Line Group",258347.317663569
"1599","Howland and Baker islands",46913.863813774
"1600","Cook Islands",78706.9520511037
"1601","Johnston Atoll",113615.148279302
"1602","Line Group",178285.564102561
"1603","Line Group",373840.923948939
"1604","Johnston Atoll",499620.938136595
"1605","Line Group",187642.554697915
"1606","French Polynesia",179794.506815733
"1607","Micronesia",195760.132759424
"1608","Phoenix Group",178014.063198004
"1609","Johnston Atoll",357395.13437566
"1610","Northern Mariana Islands",59659.3205518921
"1611","Palmyra Atoll",211371.489822245
"1612","Northern Mariana Islands",472038.669613938
"1613","Howland and Baker islands",56093.1184621669
"1614","Northern Mariana Islands",338817.473153354
"1615","Palmyra Atoll",170582.554847258
"1616","Papua New Guinea",3623.12022262949
"1617","Marshall Islands",204555.353183332
"1618","Johnston Atoll",277469.374123724
"1619","Gilbert Islands",259853.043137586
"1620","French Polynesia",175356.608404494
"1621","Marshall Islands",294254.972723929
"1622","Gilbert Islands",70235.9314660471
"1623","Line Group",264986.909275484
"1624","Marshall Islands",147685.648308801
"1625","Johnston Atoll",114786.225961061
"1626","Hawaii",85132.9510931073
"1627","Line Group",153118.879355659
"1628","Johnston Atoll",249211.613859626
"1629","Hawaii",432787.931760181
"1630","Howland and Baker islands",342074.705396185
"1631","Wake Island",85248.7387840583
"1632","Johnston Atoll",723275.32832983
"1633","Line Group",62558.2956755828
"1634","Solomon Islands",71326.3795689934
"1635","Gilbert Islands",137513.220144316
"1636","Marshall Islands",6970.77567456343
"1637","Line Group",206736.059324747
"1638","Fiji",14181.0479246365
"1639","Jarvis Island",86402.0319586046
"1640","Howland and Baker islands",351674.01513912
"1641","Marshall Islands",357081.04112067
"1642","Phoenix Group",234445.615130433
"1643","French Polynesia",324166.374127445
"1644","Johnston Atoll",743608.271329049
"1645","Micronesia",208670.628353401
"1646","Johnston Atoll",46750.7897640039
"1647","Line Group",288652.577515749
"1648","Japan",162630.681120421
"1649","Papua New Guinea",69009.730705776
"1650","Marshall Islands",13026.8688509448
"1651","Marshall Islands",354981.041098034
"1652","Johnston Atoll",354535.879481584
"1653","Phoenix Group",128320.512986633
"1654","Howland and Baker islands",12096.3165498622
"1655","Hawaii",198238.578856091
"1656","Tokelau",20375.2459980319
"1657","Line Group",90659.1732217619
"1658","Japan",162458.465747148
"1659","Japan",184574.641399681
"1660","Line Group",565615.223723132
"1661","Indonesia",9349.07267763206
"1662","Line Group",30795.2296566409
"1663","Phoenix Group",111430.907427111
"1664","Northern Mariana Islands",588816.026954915
"1665","Johnston Atoll",695237.424811247
"1666","Papua New Guinea",81964.7077890326
"1667","Marshall Islands",346979.809203866
"1668","Line Group",203766.202635945
"1669","Marshall Islands",96704.266406428
"1670","Micronesia",210334.997924746
"1671","Micronesia",391052.573904673
"1672","Micronesia",151227.960712686
"1673","French Polynesia",24104.0263915306
"1674","Line Group",132808.0481901
"1675","Johnston Atoll",460337.336991497
"1676","Johnston Atoll",56260.4356765045
"1677","Northern Mariana Islands",271982.838941555
"1678","Line Group",69988.278696914
"1679","Line Group",89283.322754632
"1680","Northern Mariana Islands",26229.5415636945
"1681","Philippines",265505.690151741
"1682","Jarvis Island",115564.338990034
"1683","Papua New Guinea",78496.6112265707
"1684","Japan",34787.1345841619
"1685","Palmyra Atoll",268191.367498455
"1686","Marshall Islands",71796.0619992666
"1687","Marshall Islands",191608.513509666
"1688","Hawaii",323291.877912122
"1689","Tokelau",65349.4401565943
"1690","Marshall Islands",642410.539682397
"1691","Line Group",165430.673637824
"1692","Gilbert Islands",129863.718865061
"1693","Line Group",158393.486958382
"1694","Phoenix Group",305744.246926037
"1695","Line Group",180354.36627012
"1696","Palmyra Atoll",395846.170152632
"1697","Howland and Baker islands",392829.303244426
"1698","Philippines",87847.7752229722
"1699","Fiji",56787.959578838
"1700","Howland and Baker islands",428016.320356917
"1701","French Polynesia",4960.21477430929
"1702","Solomon Islands",27929.3798211765
"1703","Hawaii",105566.384979163
"1704","Jarvis Island",26474.1475671798
"1705","French Polynesia",298613.984916919
"1706","Marshall Islands",325397.447171815
"1707","Japan",159932.905908817
"1708","Palmyra Atoll",8253.48468485054
"1709","Johnston Atoll",510856.225025844
"1710","Johnston Atoll",58355.8837386928
"1711","Marshall Islands",481143.608404468
"1712","Johnston Atoll",179725.497186643
"1713","Gilbert Islands",27999.4768290794
"1714","Cook Islands",126694.690543173
"1715","Howland and Baker islands",379044.323846542
"1716","Line Group",36244.0217798421
"1717","Howland and Baker islands",23898.9669714826
"1718","Marshall Islands",168213.517015407
"1719","Micronesia",7177.5788957227
"1720","Hawaii",207291.43050213
"1721","Line Group",219741.106200507
"1722","Japan",137624.265638538
"1723","Marshall Islands",498916.399645198
"1724","Micronesia",59632.3361946565
"1725","French Polynesia",571469.604645577
"1726","Johnston Atoll",316228.14360082
"1727","Palmyra Atoll",349261.915422328
"1728","Micronesia",30133.4240776111
"1729","Howland and Baker islands",21193.4934714059
"1730","French Polynesia",196239.504517971
"1731","Johnston Atoll",693342.295141949
"1732","Marshall Islands",691431.661068906
"1733","Jarvis Island",240975.665270793
"1734","Palmyra Atoll",382622.905329496
"1735","French Polynesia",179182.534490142
"1736","Tuvalu",68957.9912620779
"1737","Marshall Islands",133659.028611758
"1738","Hawaii",434803.390280846
"1739","Line Group",256381.489599484
"1740","Micronesia",93344.6698224017
"1741","Northern Mariana Islands",64352.04633262
"1742","Micronesia",88675.6611751865
"1743","Marshall Islands",768692.928945893
"1744","Line Group",166972.420512246
"1745","Hawaii",182003.128102029
"1746","Palmyra Atoll",293670.740118773
"1747","Northern Mariana Islands",201075.491459501
"1748","Howland and Baker islands",574883.902164832
"1749","French Polynesia",423431.470194366
"1750","Line Group",21828.1621361351
"1751","Palmyra Atoll",462825.744370899
"1752","Hawaii",98683.7130950733
"1753","Philippines",28475.6847035733
"1754","Solomon Islands",24263.0907572087
"1755","Johnston Atoll",568153.728987789
"1756","Palmyra Atoll",186707.652607582
"1757","Line Group",317625.639652134
"1758","Nauru",98775.9463939037
"1759","Johnston Atoll",428919.653067362
"1760","French Polynesia",501373.169063035
"1761","Phoenix Group",239278.720131748
"1762","Palmyra Atoll",105923.696695016
"1763","Jarvis Island",228904.442369671
"1764","Phoenix Group",29775.7153944037
"1765","Hawaii",177155.973444599
"1766","Line Group",580536.816425907
"1767","Marshall Islands",60728.9949821799
"1768","Hawaii",163117.157746295
"1769","French Polynesia",416136.673991714
"1770","Phoenix Group",287901.048591985
"1771","Howland and Baker islands",336414.627008519
"1772","Line Group",657951.032878962
"1773","Line Group",459867.207589758
"1774","Line Group",424767.980944819
"1775","French Polynesia",516883.510111289
"1776","Johnston Atoll",609549.605780449
"1777","Johnston Atoll",478615.767862412
"1778","Hawaii",52111.7246542628
"1779","Northern Mariana Islands",24668.7311025195
"1780","Line Group",321702.636729396
"1781","Philippines",242362.759895993
"1782","Johnston Atoll",590555.023650012
"1783","Palau",415.240726768298
"1784","Howland and Baker islands",77293.2531301884
"1785","Japan",173461.370543022
"1786","French Polynesia",669160.431713716
"1787","Marshall Islands",126296.902070924
"1788","Hawaii",759606.497685231
"1789","Solomon Islands",69993.9979210215
"1790","Jarvis Island",549.293740866739
"1791","Palmyra Atoll",374145.213297803
"1792","Jarvis Island",12383.1486543804
"1793","Japan",84834.6051459333
"1794","Howland and Baker islands",239275.784087993
"1795","Howland and Baker islands",595808.86167355
"1796","Line Group",16024.2371876327
"1797","Marshall Islands",750926.425857262
"1798","Northern Mariana Islands",34214.4424142147
"1799","Howland and Baker islands",258041.026460278
"1800","Phoenix Group",77263.1738831998
"1801","Wake Island",175753.750201165
"1802","Line Group",47971.5153237925
"1803","Micronesia",16167.2030213693
"1804","Phoenix Group",166475.644518627
"1805","Hawaii",297903.090930577
"1806","Gilbert Islands",129985.59499473
"1807","Marshall Islands",132702.866573671
"1808","Japan",245136.367505663
"1809","Johnston Atoll",305571.805599631
"1810","Japan",285267.573049185
"1811","Hawaii",311664.57189469
"1812","Marshall Islands",404352.499816489
"1813","Line Group",266740.409924119
"1814","Jarvis Island",159322.789237285
"1815","Howland and Baker islands",8800.27709602381
"1816","Johnston Atoll",250010.961675318
"1817","French Polynesia",51358.2388450871
"1818","Howland and Baker islands",526462.894366002
"1819","Marshall Islands",314647.403893013
"1820","Marshall Islands",160169.576236672
"1821","Phoenix Group",31349.6057821476
"1822","French Polynesia",90538.6540270229
"1823","Cook Islands",30790.4393840935
"1824","Japan",240182.394358233
"1825","Palmyra Atoll",25215.2036706971
"1826","Wake Island",165290.118076689
"1827","Palmyra Atoll",422957.698808601
"1828","Hawaii",524825.319398518
"1829","Micronesia",62895.5007013281
"1830","Phoenix Group",226013.097182804
"1831","Northern Mariana Islands",407308.903714441
"1832","Marshall Islands",313006.878557051
"1833","Howland and Baker islands",297174.972969077
"1834","Johnston Atoll",26467.8548296591
"1835","Northern Mariana Islands",452084.997479041
"1836","Japan",54691.957180818
"1837","Nauru",106705.442033301
"1838","French Polynesia",513298.289010854
"1839","Palmyra Atoll",278746.721097284
"1840","Micronesia",56901.3053332861
"1841","Line Group",224061.265633806
"1842","Line Group",342081.107508606
"1843","Marshall Islands",442973.943599029
"1844","Howland and Baker islands",445426.71280998
"1845","Gilbert Islands",31910.3117175405
"1846","Marshall Islands",68575.4293835091
"1847","Line Group",397343.941657864
"1848","French Polynesia",307054.646653422
"1849","Howland and Baker islands",193326.299153508
"1850","Line Group",172978.293165125
"1851","Micronesia",41.1314373087539
"1852","Palmyra Atoll",62136.6488287516
"1853","Jarvis Island",176705.034038411
"1854","Palmyra Atoll",77111.7273521343
"1855","Philippines",92877.952023659
"1856","Marshall Islands",192113.037642089
"1857","Johnston Atoll",184699.826525043
"1858","Solomon Islands",50013.4616153668
"1859","Palmyra Atoll",271610.5860969
"1860","French Polynesia",141286.141664031
"1861","Marshall Islands",23324.3252993537
"1862","Nauru",38423.388338777
"1863","Palmyra Atoll",93318.5600413211
"1864","French Polynesia",540902.919363278
"1865","Johnston Atoll",24064.5989774006
"1866","Howland and Baker islands",314218.578200644
"1867","Cook Islands",79638.3872125728
"1868","French Polynesia",242228.838738651
"1869","Line Group",366830.366050627
"1870","Palmyra Atoll",253454.619072294
"1871","Micronesia",37659.3948439102
"1872","Micronesia",119141.176245868
"1873","Marshall Islands",378316.919879123
"1874","Japan",37500.1577381969
"1875","French Polynesia",348317.644627772
"1876","Line Group",470838.88200724
"1877","Indonesia",109664.473273873
"1878","Marshall Islands",63445.8856728929
"1879","Line Group",536173.744020277
"1880","Jarvis Island",67203.0118888273
"1881","Palmyra Atoll",351535.882236034
"1882","Johnston Atoll",162517.416221285
"1883","Guam",110801.208033191
"1884","Line Group",123764.963183544
"1885","Cook Islands",33931.4331398001
"1886","Palmyra Atoll",114977.986389975
"1887","French Polynesia",325497.717796703
"1888","Johnston Atoll",474414.893803479
"1889","Johnston Atoll",341845.332560524
"1890","Hawaii",90793.0650928718
"1891","Hawaii",523189.908699288
"1892","Wake Island",416682.728992606
"1893","Howland and Baker islands",387546.781999674
"1894","Johnston Atoll",85917.1777517225
"1895","Philippines",19084.6559551382
"1896","Line Group",47657.9996471283
"1897","French Polynesia",32288.0737019238
"1898","French Polynesia",355042.178992203
"1899","Palmyra Atoll",90848.5511403774
"1900","Marshall Islands",155177.610846362
"1901","Marshall Islands",132855.337578176
"1902","French Polynesia",190995.540614669
"1903","Johnston Atoll",477358.480461583
"1904","Phoenix Group",218847.448049997
"1905","Howland and Baker islands",399542.557913281
"1906","Johnston Atoll",81422.1198473354
"1907","French Polynesia",73682.9515803321
"1908","French Polynesia",170450.952230217
"1909","Hawaii",425615.038637565
"1910","French Polynesia",360578.986076508
"1911","Indonesia",129483.119036613
"1912","Palmyra Atoll",305376.973732552
"1913","Phoenix Group",40947.5526758795
"1914","Howland and Baker islands",590561.239996431
"1915","Marshall Islands",776720.678547359
"1916","Cook Islands",158938.886541918
"1917","Johnston Atoll",3499.57043648767
"1918","Marshall Islands",347186.308456161
"1919","Philippines",141832.079725008
"1920","Jarvis Island",143931.656005884
"1921","Hawaii",276204.063607225
"1922","Marshall Islands",166308.466165839
"1923","Phoenix Group",115808.56893774
"1924","Hawaii",330070.442196465
"1925","French Polynesia",70469.5870175887
"1926","Johnston Atoll",688661.205475681
"1927","Howland and Baker islands",12682.1750295825
"1928","Palau",89041.4765356202
"1929","Gilbert Islands",48019.586757838
"1930","Marshall Islands",358228.380150005
"1931","Wake Island",371171.059834899
"1932","Phoenix Group",274186.622351226
"1933","Palmyra Atoll",170104.553277787
"1934","Johnston Atoll",508344.34152127
"1935","Johnston Atoll",78846.4480544833
"1936","Hawaii",354658.274721551
"1937","Marshall Islands",207901.688698893
"1938","French Polynesia",62086.0028720891
"1939","Hawaii",304546.277359775
"1940","Line Group",28020.882763686
"1941","French Polynesia",258813.09700582
"1942","French Polynesia",107452.276717049
